;;;;;;;;;REKAPITULASI KEGIATAN PADA PROYEK DRPLN-JM (BLUE BOOK) 2015-2019 DAN REVISINYA;;;;;;;;;;;;;;;;;;;;;;;;;;;;;;;;;;;;
;;;;;;;;;(Data 23 Agustus 2017);;;;;;;;;;;;;;;;;;;;;;;;;;;;;;;;;;;;
;;;;;;;;;;;;;;;;;;;;;;;; - ;;;;;;;;;;;;;;;;;;;;;
;;;;;;;;;BIDANG/INSTANSI/PROGRAM/KEGIATAN;;;;;" NILAI PINJAMAN BLUE BOOK 
2015-2019 ";" NILAI PINJAMAN REVISI BLUE BOOK 
2015-2019 ";" NILAI PENDAMPING REVISI BLUE BOOK 
2015-2019 ";" NILAI HIBAH REVISI BLUE BOOK 
2015-2019 ";" TOTAL NILAI REVISI BLUE BOOK 
2015-2019 ";" KETERANGAN
REVISI BLUE BOOK
2015-2019 ";INDIKASI LENDER;;;;;;;;;;;;;;;;STATUS KESIAPAN;;;;;;;;;
;;;;;;;;;BIDANG/INSTANSI/PROGRAM/KEGIATAN;;;;;" NILAI PINJAMAN BLUE BOOK 
2015-2019 ";" NILAI PINJAMAN REVISI BLUE BOOK 
2015-2019 ";" NILAI PENDAMPING REVISI BLUE BOOK 
2015-2019 ";" NILAI HIBAH REVISI BLUE BOOK 
2015-2019 ";" TOTAL NILAI REVISI BLUE BOOK 
2015-2019 ";" KETERANGAN
REVISI BLUE BOOK
2015-2019 ";KONFIRMASI INSTANSI PENGUSUL ;;;; NILAI PINJAMAN ; INDIKASI LENDER ; STATUS ; Rencana Penarikan ;;;;; KETERANGAN ;CATATAN DEPUTI PENDANAAN;;;STATUS KESIAPAN;;;;;;;;;
;;;;;;;;;;;;;;;;;;;;LENDER; NILAI PINJAMAN (USD)  ; NILAI BELUM ADA INDIKASI LENDER (USD)  ;" INDIKASI 
LENDER ";;;; 1st ; 2nd ; 3rd ; 4th ; 5th ;;NILAI PINJAMAN (USD) ;"INDIKASI
LENDER "; KETERANGAN  ; GREEN BOOK ;DOKUMEN PENYIAPAN;LAHAN;TTD LA; KETERANGAN  ;;;;;
;;;;;;;;;;;;;;;;;;;;;;;;;;;;;;;;;;;;;;;;;;;;;
-;-;-;-;-;-;-;-;-;I;INFRASTRUKTUR;;;;#REF!;#NAME?; 5.193.160.200 ;#REF!;#NAME?;;;#REF!;#REF!; - ; 34.686.722.000 ;;;;;;;;;#REF!; - ;#NAME?;;;;;;;;;;
;;;;;;;;;;1;Kementerian Pekerjaan Umum dan Perumahan Rakyat;;;#REF!;#NAME?; 2.680.312.500 ;#REF!;#NAME?;;;#REF!;#REF!; - ; 19.439.509.000 ;;;;;;;;;#REF!; - ;;;;;;;;;;;
;;;;;;;;;;;A;Program Pembangunan Jalan Tol ;; 1.250.000.000 ; 1.250.000.000 ; 101.250.000 ; - ; 1.351.250.000 ;;; 1.250.000.000 ; - ;; 1.250.000.000 ;;;;;;;;; 1.250.000.000 ; - ;;;;;;;;;;;
1;0;INFRASTRUKTUR;1;Kementerian Pekerjaan Umum dan Perumahan Rakyat;Toll Road Development Program;A;Program Pembangunan Jalan Tol ;1;;;;1;Toll Road Development in Kalimantan, Sumatera, and Java Islands; 1.250.000.000 ; 1.250.000.000 ; 101.250.000 ; - ; 1.351.250.000 ;;RRT; 1.250.000.000 ; - ; RRT ; 156.000.000 ; RRT ; GB 2017: kegiatan Cisumdawu Toll Road Phase III (USD 156 juta) ;;;;;; co-financing dengan Korea USD 250 juta ; 1.000.000.000 ; RRT ; co-financing dengan Korea (USD 250 juta)  ; - ; siap ;" dalam proses
(pelaksanaan < 50%) "; - ; belum ada dokumen R/C ;;156000000;0;0;0
;;;;;;;;;;;;;;;;;;;;;;;; 844.000.000 ; Belum Ada Indikasi ; Belum proses ;;;;;;;;;;;;;;;;0;0;844000000;0
2;0;INFRASTRUKTUR;1;Kementerian Pekerjaan Umum dan Perumahan Rakyat;Toll Road Development Program;A;Program Pembangunan Jalan Tol ;1;;;;;;;;;;;;Korea;; - ; Korea ; 250.000.000 ; Korea ; Belum proses ;;;;;;"- Masuk dalam dokumen CPS
- Co-financing dengan RRT USD 1 miliar
- Diperlukan konfirmasi terkait penggunaan Korea sebagai lender"; 250.000.000 ; Korea ;" - co-financing dengan RRT (USD 1 Miliar) 
- belum masuk rolling plan EDCF (Korea) ";;;;;;;0;0;0;250000000
;;;;;;;;;;;B;Program Pembangunan / Peningkatan Jembatan ;; 1.500.000.000 ; 1.500.000.000 ; 126.500.000 ; - ; 1.626.500.000 ;;; 1.500.000.000 ; - ; - ; 1.500.000.000 ;;;;;;;;; 1.500.000.000 ; - ;;;;;;;;0;0;0;0
8;0;INFRASTRUKTUR;1;Kementerian Pekerjaan Umum dan Perumahan Rakyat;Development and Improvement of National Bridges Program;B;Program Pembangunan / Peningkatan Jembatan ;1;;;;2;Material Procurement for Construction and Bridge Rehabilitation; 450.000.000 ; 450.000.000 ; - ; - ; 450.000.000 ;;Spanyol/RRT; 450.000.000 ; - ; Spanyol/RRT ; 450.000.000 ; Spanyol/RRT ; Belum proses ;;;;;; Belum ada usulan K/L ; 450.000.000 ; Spanyol/RRT ;" - Spanyol berminat mendanai sebagian (USD 50-100 juta), tetapi setelah permasalahan proyek LIPI selesai.
- RRT belum ada keputusan. "; - ; belum ada keterangan ; belum ada keterangan ; - ; belum ada dokumen R/C ;;0;0;0;0
9;0;INFRASTRUKTUR;1;Kementerian Pekerjaan Umum dan Perumahan Rakyat;Development and Improvement of National Bridges Program;B;Program Pembangunan / Peningkatan Jembatan ;2;;;;3;Development of Fly Over/ Under Pass for Railways Crossing; 250.000.000 ; 250.000.000 ; 50.000.000 ; - ; 300.000.000 ;;JICA; 250.000.000 ; - ; JICA ; 250.000.000 ; JICA ; Belum proses ;;;;;;" - Potensial ditunda
- Menunggu konfirmasi  dari K/L "; 250.000.000 ; JICA ; - ; - ;" dalam proses
(penyusunan FS) "; belum ada keterangan ; - ; belum ada dokumen R/C ;;0;250000000;0;0
10;0;INFRASTRUKTUR;1;Kementerian Pekerjaan Umum dan Perumahan Rakyat;Development and Improvement of National Bridges Program;B;Program Pembangunan / Peningkatan Jembatan ;3;;;;4;Development of Fly Over/ Under Pass in Major Cities; 270.000.000 ; 270.000.000 ; 50.000.000 ; - ; 320.000.000 ;;JICA; 270.000.000 ; - ; JICA ; 270.000.000 ; JICA ; Belum proses ;;;;;;" - Potensial ditunda
- Menunggu konfirmasi dari K/L "; 270.000.000 ; JICA ; - ; - ;" dalam proses
 (penyusunan FS) "; belum ada keterangan ; - ; belum ada dokumen R/C ;;0;270000000;0;0
11;0;INFRASTRUKTUR;1;Kementerian Pekerjaan Umum dan Perumahan Rakyat;Development and Improvement of National Bridges Program;B;Program Pembangunan / Peningkatan Jembatan ;4;;;;5;Balinka - Matur - Ngarai Sianok Tunnel Construction; 175.000.000 ; 175.000.000 ; 8.750.000 ; - ; 183.750.000 ;;Korea/RRT; 175.000.000 ; - ; Korea/RRT ; 175.000.000 ; Korea/RRT ; Belum proses ;;;;;; Masuk dalam MoU RRT sebesar USD 1 Miliar ; 175.000.000 ; Korea/RRT ; - RRT dan Korea belum ada keputusan ; - ;" dalam proses
(memiliki FS dan DED) "; belum ada keterangan ; - ; belum ada dokumen R/C ;; 175.000.000 ;0;0;0
12;0;INFRASTRUKTUR;1;Kementerian Pekerjaan Umum dan Perumahan Rakyat;Development and Improvement of National Bridges Program;B;Program Pembangunan / Peningkatan Jembatan ;5;;;;6;Long Span Bridge Development for Selected Area; 355.000.000 ; 355.000.000 ; 17.750.000 ; - ; 372.750.000 ;;Korea/RRT; 355.000.000 ; - ; Korea/RRT ; 355.000.000 ; Belum Ada Indikasi ; Belum proses ;;;;;;; 355.000.000 ; Korea/RRT ; - RRT dan Korea belum ada keputusan ; - ; belum ada keterangan ; belum ada keterangan ; - ; belum ada dokumen R/C ;;0;0;355000000;0
;;;;;;;;;;;C;Program Pembangunan / Peningkatan Jalan;;#REF!;#NAME?; 350.000.000 ;#REF!;#NAME?;;; 1.705.000.000 ; - ; - ; 1.705.000.000 ;;;;;;;;; 1.705.000.000 ; - ; - ;;;;;;;0;0;0;0
;;;;;;;;;;;;7;Urban Arterial Road Improvement Project; 250.000.000 ; 205.000.000 ; 50.000.000 ; - ; 255.000.000 ;;JICA; 205.000.000 ; - ; JICA ; 205.000.000 ; JICA ; Belum proses ;;;;;;" - Potensial ditunda
- Menunggu konfirmasi penggunaan Rupiah Murni dari K/L "; 205.000.000 ; JICA ; - ; - ; siap ; belum ada keterangan ; - ;" - nilai proyek berkurang USD 45 juta, dialihkan untuk kegiatan ESP
- belum ada dokumen R/C ";;0;205000000;0;0
15;0;INFRASTRUKTUR;1;Kementerian Pekerjaan Umum dan Perumahan Rakyat;Development and Improvement of National Roads Program;C;Program Pembangunan / Peningkatan Jalan;3;;;;8;Road Improvement Project to Support Integrated Land and Sea Toll Way - Northern Area; 250.000.000 ; 250.000.000 ; 50.000.000 ; - ; 300.000.000 ;;Bank Dunia; 250.000.000 ; - ; Bank Dunia ; 250.000.000 ; Bank Dunia ; Belum proses ;;;;;; Masuk dalam dokumen CPS ; 250.000.000 ; Bank Dunia ; - ; - ; belum ada keterangan ; belum ada keterangan ; - ; belum ada dokumen R/C ;;0;0;0;0
16;0;INFRASTRUKTUR;1;Kementerian Pekerjaan Umum dan Perumahan Rakyat;Development and Improvement of National Roads Program;C;Program Pembangunan / Peningkatan Jalan;4;;;;9;Road Improvement Project to Support Integrated Land and Sea Toll Way - Southern Area; 250.000.000 ; 250.000.000 ; 50.000.000 ; - ; 300.000.000 ;;Bank Dunia/ADB; 250.000.000 ; - ; Bank Dunia/ADB ; 250.000.000 ; Bank Dunia ; Belum proses ;;;;;; Masuk dalam dokumen CPS ; 250.000.000 ; Bank Dunia ;" - usulan K/L lender: Bank Dunia/ADB. 
- Hanya Bank Dunia saja yang berminat. "; - ; belum ada keterangan ; belum ada keterangan ; - ; belum ada dokumen R/C ;;0;0;0;0
17;0;INFRASTRUKTUR;1;Kementerian Pekerjaan Umum dan Perumahan Rakyat;Development and Improvement of National Roads Program;C;Program Pembangunan / Peningkatan Jalan;5;;;;10;National Road Improvement in West and South Kalimantan; 250.000.000 ; 250.000.000 ; 50.000.000 ; - ; 300.000.000 ;;IDB; 250.000.000 ; - ; IDB ; 125.000.000 ; IDB ; Belum proses ;;;;;;" - Terdapat dalam dokumen MCPS IDB
- Co-financing sebagian dengan SFD dengan (Nominal pinjaman belum dikonfirmasi antara IDB-SFD) "; 250.000.000 ; IDB ; - ; - ; belum ada keterangan ; belum ada keterangan ; - ; belum ada dokumen R/C ;;0;0;0;0
;;;;;;;;;;;;;;;;;;;;;;;; 125.000.000 ; SFD ; Belum proses ;;;;;;;;;;;;;;;;0;0;0;0
18;0;INFRASTRUKTUR;1;Kementerian Pekerjaan Umum dan Perumahan Rakyat;Development and Improvement of National Roads Program;C;Program Pembangunan / Peningkatan Jalan;6;;;;11;National Road Improvement in Central Kalimantan; 250.000.000 ;#NAME?; 50.000.000 ; - ;#NAME?;;Bank Dunia/ADB; 250.000.000 ; - ; Bank Dunia/ADB ; 250.000.000 ; Belum Ada Indikasi ; Belum proses ;;;;;;; 250.000.000 ; Belum Ada Indikasi ; usulan K/L lender: Bank Dunia/ADB. Kedua calon lender tidak berminat mendanai proyek ini. ; - ; siap ; belum ada keterangan ; - ; belum ada dokumen R/C ;;0;0;250000000;0
19;0;INFRASTRUKTUR;1;Kementerian Pekerjaan Umum dan Perumahan Rakyat;Development and Improvement of National Roads Program;C;Program Pembangunan / Peningkatan Jalan;7;;;;12;National Road Improvement in North and East Kalimantan; 250.000.000 ; 250.000.000 ; 50.000.000 ; - ; 300.000.000 ;;IDB; 250.000.000 ; - ; IDB ; 250.000.000 ; AIIB ; Belum proses ;;;;;; Belum ada pembicaraan antara K/L dengan pihak Lender ; 250.000.000 ; AIIB ;" - usulan K/L semula lender: IDB. 
- Pihak IDB tidak berminat mendanai kegiatan ini, diusulkan kepada AIIB. "; - ; siap ; belum ada keterangan ; - ; belum ada dokumen R/C ;;0;0;0;0
20;0;INFRASTRUKTUR;1;Kementerian Pekerjaan Umum dan Perumahan Rakyat;Development and Improvement of National Roads Program;C;Program Pembangunan / Peningkatan Jalan;8;;;;13;Road Improvement Project in Sulawesi Island and Major Cities; 250.000.000 ; 250.000.000 ; 50.000.000 ; - ; 300.000.000 ;;IDB; 250.000.000 ; - ; IDB ; 250.000.000 ; IDB ; Belum proses ;;;;;; Terdapat dalam dokumen MCPS ; 250.000.000 ; IDB ; - ; - ; siap ; belum ada keterangan ; - ; belum ada dokumen R/C ;;0;0;0;0
;;;;;;;;;;;D;Program Pembangunan Air Minum;;#REF!;#REF!; 43.634.000 ;#REF!;#REF!;;;#REF!;#REF!;; 796.300.000 ;;;;;;;;;#REF!; - ;;;;;;;;0;0;0;0
22;0;INFRASTRUKTUR;1;Kementerian Pekerjaan Umum dan Perumahan Rakyat;Drinking Water Development Program;D;Program Pembangunan Air Minum;2;;;;14;National Urban Water Supply; 100.000.000 ; 100.000.000 ; 5.000.000 ; - ; 105.000.000 ;;Bank Dunia; 100.000.000 ; - ; Bank Dunia ; 100.000.000 ; Bank Dunia ;"- GB 2017
- Proses Daftar Kegiatan ";;;;;; Sudah ada proses pemantapan Safe Guard (Amdal, DED)/ Pemantapan FS ; 100.000.000 ; Bank Dunia ; - ; - ; belum ada keterangan ; belum ada keterangan ; - ; belum ada dokumen R/C ;;0;0;0;0
;;;;;;;;;;;;15;The Development of Regional Water Supply System in Selected Areas;;;;;;;;;;;;;;;;;;;;;;;;;;;;;0;0;0;0
24;0;INFRASTRUKTUR;1;Kementerian Pekerjaan Umum dan Perumahan Rakyat;Drinking Water Development Program;D;Program Pembangunan Air Minum;3;;;;;Mamminasata Water Supply Development Project ; 100.000.000 ; 100.000.000 ; 5.000.000 ; - ; 105.000.000 ;;JICA; 100.000.000 ; - ; JICA ; 100.000.000 ; JICA ; Sudah terdapat RC ;;;;;; Dalam proses pre-request ; 100.000.000 ; JICA ; - ; - ; siap ;" dalam proses
(persiapan) "; - ; belum ada dokumen R/C ;;0;100000000;0;0
25;0;INFRASTRUKTUR;1;Kementerian Pekerjaan Umum dan Perumahan Rakyat;Drinking Water Development Program;D;Program Pembangunan Air Minum;3;;;;;The Development of Regional Water Supply System in Benteng Kobema ; 74.300.000 ; 74.300.000 ; 3.715.000 ; - ; 78.015.000 ;;Bank Dunia/JICA/ADB; 74.300.000 ; - ; Bank Dunia/JICA/ADB ; 74.300.000 ; AFD ; Proses penyiapan FS ;;;;;;" - Masuk dalam dokumen CPF
- Diusulkan untuk masuk dalam GB 2019 (Rapat pada tanggal 24 Januari 2019) "; 74.300.000 ; Bank Dunia ;" - usulan K/L lender: Bank Dunia/JICA/ADB. 
- Pihak Bank Dunia berminat, ADB dan JICA tidak minat. "; - ;" dalam proses
(penyusunan FS) ";" dalam proses
(persiapan) "; - ; belum ada dokumen R/C ;;0;0;0;0
26;0;INFRASTRUKTUR;1;Kementerian Pekerjaan Umum dan Perumahan Rakyat;Drinking Water Development Program;D;Program Pembangunan Air Minum;3;;;;;The Development of Regional Water Supply System in Wosusokas ; 106.200.000 ; 106.200.000 ; 5.310.000 ; - ; 111.510.000 ;;Jerman (KfW); 106.200.000 ; - ; Jerman (KfW) ; 106.200.000 ; Jerman (KfW) ; Proses penyiapan FS ;;;;;;"- Masuk Summary of Record (proporsional loan)
- Diusulkan untuk masuk dalam GB 2018 (Rapat pada tanggal 24 Januari 2019)"; 106.200.000 ; Jerman (KfW) ; - ; - ;" dalam proses
(penyusunan FS) ";" dalam proses
(persiapan) "; - ; belum ada dokumen R/C ;;0;0;0;0
27;0;INFRASTRUKTUR;1;Kementerian Pekerjaan Umum dan Perumahan Rakyat;Drinking Water Development Program;D;Program Pembangunan Air Minum;3;;;;;The Development of Regional Water Supply System of Jatigede ; 167.000.000 ; 140.620.000 ; 8.350.000 ; - ; 148.970.000 ;;Bank Dunia/JICA/ADB; 140.620.000 ; - ; Bank Dunia/JICA/ADB ; 140.620.000 ; AIIB ; Proses penyiapan FS ;;;;;; Diusulkan untuk masuk dalam GB 2019 (Rapat pada tanggal 24 Januari 2019) ; 140.620.000 ; Belum Ada Indikasi ;" - terdapat pengurangan nilai pinjaman sebesar USD 26,38 juta yang dialihkan untuk membiayai kegiatan ES.
- usulan K/L lender: Bank Dunia/JICA/ADB. 
- Pihak Bank Dunia, ADB, dan JICA tidak berminat.  "; - ; belum ada keterangan ; belum ada keterangan ; - ;" - nilai pinjaman berkurang sebesar USD 26,38 juta untuk kegiatan ES
- belum ada dokumen R/C ";;0;0;0;0
28;0;INFRASTRUKTUR;1;Kementerian Pekerjaan Umum dan Perumahan Rakyat;Drinking Water Development Program;D;Program Pembangunan Air Minum;3;;;;;The Development of Regional Water Supply System of Petanglong; 95.380.000 ; 95.380.000 ; 4.769.000 ; - ; 100.149.000 ;;Bank Dunia/JICA/ADB; 95.380.000 ; - ; Bank Dunia/JICA/ADB ; 95.380.000 ; World Bank ; Belum proses ;;;;;;; 95.380.000 ; Belum Ada Indikasi ;" - usulan K/L lender: Bank Dunia/JICA/ADB. 
- Pihak Bank Dunia, ADB, dan JICA tidak berminat.  "; - ; belum ada keterangan ; belum ada keterangan ; - ; belum ada dokumen R/C ;;0;0;0;0
29;0;INFRASTRUKTUR;1;Kementerian Pekerjaan Umum dan Perumahan Rakyat;Drinking Water Development Program;D;Program Pembangunan Air Minum;3;;;;;The Development of Regional Water Supply System of Durolis ; 33.400.000 ; 33.400.000 ; 1.670.000 ; - ; 35.070.000 ;;Bank Dunia/JICA/ADB; 33.400.000 ; - ; Bank Dunia/JICA/ADB ; 33.400.000 ; AFD/World Bank ; Belum proses ;;;;;;; 33.400.000 ; Belum Ada Indikasi ;" - usulan K/L lender: Bank Dunia/JICA/ADB.
- Pihak Bank Dunia, ADB, dan JICA tidak berminat.  "; - ; siap ; siap ; - ; belum ada dokumen R/C ;;0;0;0;0
30;0;INFRASTRUKTUR;1;Kementerian Pekerjaan Umum dan Perumahan Rakyat;Drinking Water Development Program;D;Program Pembangunan Air Minum;3;;;;;The Development of Regional Water Supply System of  Banten - Jakarta from Karian Dam ; 40.000.000 ; 40.000.000 ; 2.000.000 ; - ; 42.000.000 ;;Korea; 40.000.000 ; - ; Korea ; 40.000.000 ; Korea ; Belum proses ;;;;;;"- Masuk dalam dokumen CPS 
- Direncanakan masuk GB 2018
- Diperlukan konfirmasi time frame dan time line perencanaan
- Menunggu proses penyelesaian DAM"; 40.000.000 ; Korea ; belum masuk rolling plan EDCF (Korea) ; - ;" dalam proses
(memiliki FS) ";" dalam proses
(persiapan) "; - ; belum ada dokumen R/C ;;0;0;0;40000000
31;0;INFRASTRUKTUR;1;Kementerian Pekerjaan Umum dan Perumahan Rakyat;Drinking Water Development Program;D;Program Pembangunan Air Minum;3;;;;;The Development of Regional Water Supply System of Mebidang ; 56.400.000 ; 56.400.000 ; 2.820.000 ; - ; 59.220.000 ;;Jerman (KfW); 56.400.000 ; - ; Jerman (KfW) ; 56.400.000 ; Jerman (KfW) ; Proses penyiapan RC ;;;;;;Ditargetkan masuk GB 2018; 56.400.000 ; Jerman (KfW) ; - ; - ;" dalam proses
(memiliki FS dan DED) ";" dalam proses
(persiapan) "; - ; belum ada dokumen R/C ;;0;0;0;0
;;;;;;;;;;;;16;Water Supply System and Small Scale Water Treatment;;;;;;;;;;;;;;;;;;;;;;;;;;;;;0;0;0;0
;;;;;;;;;;;;;IKK Water Supply Program and Small Water Treatment Plant for Water Scarcity Area; 50.000.000 ; 50.000.000 ; 5.000.000 ; - ; 55.000.000 ;;IDB; 50.000.000 ; - ; IDB ; 50.000.000 ; AIIB ; Belum proses ;;;;;;; 50.000.000 ; Belum Ada Indikasi ;" - usulan K/L lender:IDB.
- pihak IDB tidak berminat mendanai kegiatan ini, diusulkan kepada AIIB.
- Indikasi Lender AIIB menjadi belum ada indikasi (konfirmasi tgl 29 Jan'16) "; - ; siap ;" dalam proses
(pelaksanaan <50%) "; - ; belum ada dokumen R/C ;;0;0;0;0
;;;;;;;;;;;E;Program Pembangunan Sistem Pengelolaan Air Limbah ;;#REF!;#NAME?; 167.500.000 ;#REF!;#NAME?;;; 3.557.800.000 ; - ; - ; 3.557.800.000 ;;;;;;;;; 3.557.800.000 ; - ; - ;;;;;;;0;0;0;0
;;;;;;;;;;;;17;Community Based Sanitation Program (SANIMAS); 250.000.000 ;#NAME?; 12.500.000 ; - ;#NAME?;;ADB; 125.000.000 ; - ; ADB ; 125.000.000 ; ADB ; Proses penyiapan RC ;;;;;;" - Terdapat dalam dokumen COBP
- Co-financing dengan IDB USD 125 juta
- Terdapat hibah yang berasal dari ADB berupa Individual Consultant
- Direncanakan masuk dalam GB 2018 "; 125.000.000 ; ADB ; - ; - ; belum ada keterangan ; tidak butuh lahan ; - ;" - untuk wilayah Timur
- belum ada dokumen R/C ";;0;0;0;0
;;;;;;;;;;;;;;;;;;;;IDB; 125.000.000 ; - ; IDB ; 125.000.000 ; IDB ; Proses penyiapan RC ;;;;;;" - Terdapat dalam dokumen MCPS
- Co-financing dengan ADB USD 125 juta
- Pernah dibahas dalam rapat 1 Nov 2017 "; 125.000.000 ; IDB ; - ; - ;;; - ;" - untuk wilayah Barat
- belum ada dokumen R/C ";;0;0;0;0
36;0;INFRASTRUKTUR;1;Kementerian Pekerjaan Umum dan Perumahan Rakyat;Development of Waste Water Management Program;E;Program Pembangunan Sistem Pengelolaan Air Limbah ;2;;;;18;Jakarta Sewerage Development Project - Zone 1 and Zone 6; 1.950.000.000 ; 1.950.000.000 ; 97.500.000 ;; 2.047.500.000 ;;JICA; 1.950.000.000 ; - ; JICA ; 1.537.500.000 ; JICA ; Belum proses ;;;;;;; 1.950.000.000 ; JICA ; - ; - ;" dalam proses
(memiliki FS) "; dalam proses ; - ;" - Zona I: dalam pelaksanaan ES (tender konsultan)
- belum ada dokumen R/C ";;0;1537500000;0;0
;;;;;;;;;;;;;;;;;;;;;;;; 412.500.000 ; JICA ; Sudah terdapat RC ;;;;;;" - Masuk dalam perbincangan prioritas kegiatan JICA yang diusulkan (policy dialog)
- Pernah dibahas dalam pertemuan 26 Sep 2017
- MOD telah ditandatangani pada Nov 2017
- Diusulkan untuk masuk dalam GB 2018 (Rapat pada tanggal 24 Januari 2018) ";;;;;;;;;;;;;
37;0;INFRASTRUKTUR;1;Kementerian Pekerjaan Umum dan Perumahan Rakyat;Development of Waste Water Management Program;E;Program Pembangunan Sistem Pengelolaan Air Limbah ;3;;;;19;The Development of Sewage Treatment Plant Facility in Priority Area; 75.000.000 ; 75.000.000 ; 3.750.000 ;; 78.750.000 ;;Bank Dunia/JICA; 75.000.000 ; - ; Bank Dunia/JICA ; 75.000.000 ; Bank Dunia ; Belum proses ;;;;;; Masuk dalam dokumen CPF ; 75.000.000 ; Bank Dunia ;" - usulan K/L lender: Bank Dunia/JICA/ADB. 
- pihak Bank Dunia berminat, ADB dan JICA tidak berminat
- dalam rencana pembiayaan Bank Dunia, kegiatan ini dijadikan satu paket dengan kegiatan ""Sewerage System Development in Indonesia""  "; - ;" dalam proses
(memiliki FS) "; belum ada keterangan ; - ; belum ada dokumen R/C ;;0;0;0;0
38;0;INFRASTRUKTUR;1;Kementerian Pekerjaan Umum dan Perumahan Rakyat;Development of Waste Water Management Program;E;Program Pembangunan Sistem Pengelolaan Air Limbah ;4;;;;20;Sewerage System Development in Indonesia; 975.000.000 ; 949.800.000 ; 48.750.000 ;; 998.550.000 ;;ADB; 424.800.000 ; - ; ADB ; 400.000.000 ; ADB ; Proses penyusunan FS ;;;;;;"- Co-financing dengan IDB USD 325 juta, Bank Dunia USD 200 juta 
- Dalam tahapan PPTA/Project Identification
- Diusulkan untuk masuk dalam GB 2019 (Rapat pada tanggal 24 Januari 2019)"; 400.000.000 ; ADB ;" - nilai kegiatan yang tercantum dalam COBP ADB sebesar USD 400 juta.
- nilai kegiatan berkurang sebesar USD 25,2 yang dialihkan untuk membiayai kegiatan ES "; - ; belum ada keterangan ; belum ada keterangan ; - ;" - nilai pinjaman berkurang sebesar USD 25,20 juta untuk kegiatan ES
- belum ada dokumen R/C ";;0;0;0;0
;;;;;;;;;;;;;;;;;;;;;;;; 24.800.000 ; Perancis (AFD)   ; Sudah terdapat RC ;;;;;;" - Co-financing dengan IDB USD 325 juta, Bank Dunia USD 200 juta & ADB USD 400 juta
- Kem. PUPR mengusulkan kegiatan Sanitation System Development in Bogor City sebesar USD 56,4 juta
- Belum ada persetujuan sektor untuk masuk GB  "; 24.800.000 ; Belum Ada Indikasi ; co-financing dengan ADB (USD 400 juta), IDB (USD 325 juta) & Bank Dunia (USD 200 juta) ; - ;;; - ;;;0;0;0;0
39;0;INFRASTRUKTUR;1;Kementerian Pekerjaan Umum dan Perumahan Rakyat;Development of Waste Water Management Program;E;Program Pembangunan Sistem Pengelolaan Air Limbah ;4;;;;;;;;;;;;IDB; 325.000.000 ; - ; IDB ; 325.000.000 ; IDB ; Belum proses ;;;;;;"- Terdapat dalam dokumen MCPS
- Co-financing dengan ADB USD 400 juta, Bank Dunia USD 200 juta "; 325.000.000 ; IDB ; - ; - ;;; - ;;;0;0;0;0
40;0;INFRASTRUKTUR;1;Kementerian Pekerjaan Umum dan Perumahan Rakyat;Development of Waste Water Management Program;E;Program Pembangunan Sistem Pengelolaan Air Limbah ;4;;;;;;;;;;;;Bank Dunia; 200.000.000 ; - ; Bank Dunia ; 200.000.000 ; Bank Dunia ; Belum proses ;;;;;;"- Masuk dalam dokumen CPF
- Co-financing dengan IDB USD 325 juta, ADB USD 400 juta  
- Terdapat hibah penyusunan FS dari ADB"; 200.000.000 ; Bank Dunia ; - ; - ;;; - ;;;0;0;0;0
41;0;INFRASTRUKTUR;1;Kementerian Pekerjaan Umum dan Perumahan Rakyat;Development of Waste Water Management Program;E;Program Pembangunan Sistem Pengelolaan Air Limbah ;5;;;;21;Denpasar Sewerage Development Project - Phase III; 233.000.000 ; 233.000.000 ; 5.000.000 ;; 238.000.000 ;;JICA; 233.000.000 ; - ; JICA ; 233.000.000 ; JICA ; Sudah terdapat RC ;;;;;;" - Tidak menjadi prioritas JICA tahun 2017 (ditolak)
- Diidikasikan menggunakan Rupiah Murni
- Diusulkan untuk masuk dalam GB 2018 (Rapat pada tanggal 24 Januari 2018) "; 233.000.000 ; JICA ; - ; - ;" dalam proses
(memiliki FS) "; belum ada keterangan ; - ; Pengajuan pre-request ;;0;233000000;0;0
42;0;INFRASTRUKTUR;1;Kementerian Pekerjaan Umum dan Perumahan Rakyat;Development of Waste Water Management Program;E;Program Pembangunan Sistem Pengelolaan Air Limbah ;6;;;;22;The Development and Optimization of Wastewater Treatment in Greater Bandung; 100.000.000 ; 100.000.000 ; - ;; 100.000.000 ;;Jerman (KfW); 100.000.000 ; - ; Jerman (KfW) ; 100.000.000 ; Jerman (KfW) ; Proses penyiapan FS ;;;;;;" - Diusulkan untuk masuk dalam GB 2019 (Rapat pada tanggal 24 Januari 2019)
- masuk GB 2019 (diusulkan) "; 100.000.000 ; Jerman (KfW) ; - ; - ;" dalam proses
(penyusunan FS) "; belum ada keterangan ; - ; penyiapan dokumen R/C ;;0;0;0;0
;;;;;;;;;;;F;Program Pembangunan Sistem Pengelolaan Persampahan ;; 250.000.000 ; 250.000.000 ; 12.500.000 ; - ; 262.500.000 ;;; 250.000.000 ; - ;; 250.000.000 ;;;;;;;;; 250.000.000 ; - ;;;;;;;;0;0;0;0
43;0;INFRASTRUKTUR;1;Kementerian Pekerjaan Umum dan Perumahan Rakyat;Development of Solid Waste Management Program;F;Program Pembangunan Sistem Pengelolaan Persampahan ;1;;;;23;Advanced Solid Waste Management for Sustainable Urban Development (Advance SWM-SUD) ; 150.000.000 ; 150.000.000 ; 7.500.000 ; - ; 157.500.000 ;;Jerman (KfW); 150.000.000 ; - ; Jerman (KfW) ; 150.000.000 ; Jerman (KfW) ; Proses penyiapan FS ;;;;;; Diusulkan untuk masuk dalam GB 2019 (Rapat pada tanggal 24 Januari 2019) ; 150.000.000 ; Jerman (KfW) ; - ; - ;" dalam proses
(penyusunan FS) "; belum ada keterangan ; - ; belum ada dokumen R/C ;;0;0;0;0
44;0;INFRASTRUKTUR;1;Kementerian Pekerjaan Umum dan Perumahan Rakyat;Development of Solid Waste Management Program;F;Program Pembangunan Sistem Pengelolaan Persampahan ;2;;;;24;The Improvement of Solid Waste Management to Support Regional Area and Metropolitan Cities; 100.000.000 ; 100.000.000 ; 5.000.000 ; - ; 105.000.000 ;;Bank Dunia; 100.000.000 ; - ; Bank Dunia ; 100.000.000 ; Bank Dunia ; Belum proses ;;;;;; Masuk dalam dokumen CPF ; 100.000.000 ; Bank Dunia ; - ; - ;" dalam proses
(memiliki FS) ";" dalam proses
(persiapan) "; - ;" - karena DED dalam proses finalisasi, maka diasumsikan memiliki FS.
- Dokumen penyiapan: sedang cari tambahan lokasi
- Siap hanya Balikpapan&Tangerang (USD 40 juta)
- belum ada dokumen R/C ";;0;0;0;0
;;;;;;;;;;;G;Program Penanganan Kumuh;;#REF!;#REF!; 128.105.000 ;#REF!;#REF!;;;#REF!;#REF!;; 2.851.980.000 ;;;;;;;;;#REF!; - ;;;;;;;;0;0;0;0
45;0;INFRASTRUKTUR;1;Kementerian Pekerjaan Umum dan Perumahan Rakyat;Slum Alleviation Program;G;Program Penanganan Kumuh;1;;;;25;Slum Improvement in Strategic Human Settlements Area (SISHA); 2.100.000.000 ; 2.100.000.000 ; 105.000.000 ; - ; 2.205.000.000 ;; Bank Dunia/JICA/ADB ; 2.100.000.000 ; - ; Bank Dunia/JICA/ADB ; 2.100.000.000 ; Perancis (AFD)   ; Sudah terdapat RC ;;;;;; - Kem. PUPR mengusulkan kegiatan  Sustainable Urban Development in Indonesia (Eco District) sebesar USD 61,1 juta. -Diusulkan untuk pindah ke program Pembangunan Kota Berkelanjutan, namun belum ada usulan resmi. ; 2.100.000.000 ; Belum Ada Indikasi ;" - usulan K/L lender: Bank Dunia/JICA/ADB.
- Pihak Bank Dunia, ADB dan JICA tidak berminat.  "; - ;" dalam proses
(penyusunan FS) ";" dalam proses
(perencanaan) "; - ; belum ada proses tender/lelang ;;0;0;0;0
;;;;;;;;;;;;26;National Slum Upgrading; 289.880.000 ; 289.880.000 ;;;;;; 289.880.000 ; - ; Belum Ada Indikasi ; 289.880.000 ; SFD ; Belum proses ;;;;;;; 289.880.000 ; Belum Ada Indikasi ; co-financing dengan IDB (USD 329,7 juta), Bank Dunia (USD 216,5 juta) & AIIB (USD 216,5 juta) ; - ; belum ada keterangan ; belum ada keterangan ; - ; belum ada proses tender/lelang ;;0;0;0;0
48;0;INFRASTRUKTUR;1;Kementerian Pekerjaan Umum dan Perumahan Rakyat;Slum Alleviation Program;G;Program Penanganan Kumuh;3;;;;27;Rural Settlement Infrastructure Development (RSID); 201.000.000 ; 201.000.000 ; 10.050.000 ; - ; 211.050.000 ;;JICA; 201.000.000 ; - ; JICA ; 201.000.000 ; JICA ;"- GB 2017
- Belum pre-request";;;;;; Masih dan proses pembahasan lanjutan (suplemental study) ; 201.000.000 ; JICA ; - ; - ;" dalam proses
(penyusunan FS) ";" dalam proses
(perencanaan) "; - ; belum ada dokumen R/C ;;0;201000000;0;0
49;0;INFRASTRUKTUR;1;Kementerian Pekerjaan Umum dan Perumahan Rakyat;Slum Alleviation Program;G;Program Penanganan Kumuh;4;;;;28;Building Administration and Capacity Enforcement Development for Seismic Resilience; 261.100.000 ; 261.100.000 ; 13.055.000 ; - ; 274.155.000 ;;JICA; 261.100.000 ; - ; JICA ; 261.100.000 ; JICA ; Proses penyiapan FS ;;;;;; Masuk dalam perbincangan prioritas kegiatan JICA yang diusulkan (policy dialog) ; 261.100.000 ; JICA ; - ; - ;" dalam proses
(penyusunan FS) "; tidak butuh lahan ; - ; belum ada dokumen R/C ;;0;261100000;0;0
;;;;;;;;;;;H;Program Pembangunan Kota Berkelanjutan;; - ; 225.000.000 ; 25.000.000 ; - ; 250.000.000 ;;; - ; 225.000.000 ;; 225.000.000 ;;;;;;;;; 225.000.000 ; - ;;;;;;;;0;0;0;0
;;;;;;;;;;;;29;National Urban Development Project; - ; 225.000.000 ; 25.000.000 ; - ; 250.000.000 ;;; - ; 225.000.000 ; Belum Ada Indikasi ; 49.610.000 ; Bank Dunia ;"- GB 2017 (USD 49,6 juta)
- Dalam proses penyusunan Daftar Kegiatan";;;;;;; 225.000.000 ; Belum Ada Indikasi ; - ; - ; belum ada keterangan ; belum ada keterangan ; - ; belum ada dokumen R/C ;;0;0;0;0
;;;;;;;;;;;;;;;;;;;;;;;; 175.390.000 ; Bank Dunia ; Belum proses ;;;;;;;;;;;;;;;;0;0;0;0
;;;;;;;;;;;I;Program Pengembangan dan Pengelolaan Irigasi;;#REF!;#REF!; 357.149.500 ;#REF!;#REF!;;; 2.457.531.000 ; - ; - ; 2.519.431.000 ;;;;;;;;; 2.519.431.000 ; - ; - ;;;;;;;0;0;0;0
51;0;INFRASTRUKTUR;1;Kementerian Pekerjaan Umum dan Perumahan Rakyat;Development and Management of Irrigation Program ;I;Program Pengembangan dan Pengelolaan Irigasi;1;;;;30;Integrated Participatory Development and Management of Irrigation Project - Phase I; 700.000.000 ; 700.000.000 ; 70.000.000 ; - ; 770.000.000 ;;ADB; 600.000.000 ; - ; ADB ; 600.000.000 ; ADB ;"- GB 2017
- DK tanggal 28 September 2016
- Signed LA 31 Juli 2017";;;;;;"- Co- financing dengan AIF (Asia Infrastructure Fund) dan IFAD masing-masing USD 100 juta
- Persetujuan pinjaman sudah di Board Approval"; 600.000.000 ; ADB ; - ;" 2016; 2015 "; siap ; belum ada keterangan ; - ; - ;;0;0;0;0
53;0;INFRASTRUKTUR;1;Kementerian Pekerjaan Umum dan Perumahan Rakyat;Development and Management of Irrigation Program ;I;Program Pengembangan dan Pengelolaan Irigasi;1;;;;;Integrated Participatory Development and Management of Irrigation Project - Phase II; 500.000.000 ; 500.000.000 ; 50.000.000 ; - ; 550.000.000 ;;ADB; 500.000.000 ; - ; ADB ; 400.000.000 ; ADB ; Belum proses ;;;;;;"- Persiapan masih jauh masih menunggu pelaksanaan IPDMIP Phase I
- Terdapat nilai pinjaman yang belum ada indikasi pendanaannya USD 100 juta. 
- Potensi ditunda
- Rencana dilaksanakan tahun 2018"; 400.000.000 ; ADB ; nilai kegiatan yang tercantum dalam COBP ADB sebesar USD 400 juta. ; - ; belum ada keterangan ; belum ada keterangan ; - ;" - untuk yang Phase II: belum ada penyiapan
- belum ada dokumen R/C ";;0;0;0;0
;;;;;;;;;;;;;;;;;;;;;;;; 100.000.000 ; IFAD ; Belum proses ;;;;;;" - Co-financing dengan ADB
- Nilai pinjaman dari IFAD belum tentu USD 100 juta, karena ada rencana penambahan pinjaman dari IFAD dengan total nilai (USD 150 juta) untuk 3 kegiatan "; 100.000.000 ; Belum Ada Indikasi ; - ; - ;;; - ;" - untuk yang Phase II: belum ada penyiapan
- belum ada dokumen R/C ";;0;0;0;0
54;0;INFRASTRUKTUR;1;Kementerian Pekerjaan Umum dan Perumahan Rakyat;Development and Management of Irrigation Program ;I;Program Pengembangan dan Pengelolaan Irigasi;2;;;;31;The Urgent Rehabilitation of Strategic Irrigation for Western Region of Indonesia; 195.778.000 ; 195.778.000 ; 50.000.000 ; - ; 245.778.000 ;;Korea; 195.778.000 ; - ; Korea ; 195.778.000 ; Korea ; GB 2017 ;;;;;;" - Masuk dalam dokumen CPS 
- Akan ada mission lanjutan dari EDGF untuk konfirmasi ruang lingkup
- Terdapat konfirmasi penyusunan RC terbaru "; 195.778.000 ; Korea ; masuk rolling plan EDCF (Korea) ;"2016; 2015"; belum ada keterangan ; belum ada keterangan ; - ; - ;;0;0;0;195778000
57;0;INFRASTRUKTUR;1;Kementerian Pekerjaan Umum dan Perumahan Rakyat;Development and Management of Irrigation Program ;I;Program Pengembangan dan Pengelolaan Irigasi;5;;;;32;Irrigation Development in North Sumatera; 350.000.000 ; 350.000.000 ; 50.000.000 ; - ; 400.000.000 ;;ADB; 350.000.000 ; - ; ADB ; 350.000.000 ; Belum Ada Indikasi ; Belum proses ;;;;;;; 350.000.000 ; Belum Ada Indikasi ;" - usulan K/L lender: ADB
- tidak masuk COBP ADB "; - ;" dalam proses
(memiliki FS dan DED) "; belum ada keterangan ; - ; belum ada dokumen R/C ;;0;0;350000000;0
58;0;INFRASTRUKTUR;1;Kementerian Pekerjaan Umum dan Perumahan Rakyat;Development and Management of Irrigation Program ;I;Program Pengembangan dan Pengelolaan Irigasi;6;;;;33;Integrated Participatory Development and Management of Lhok Guci and Peureulak Irrigation Project; 161.298.000 ; 161.298.000 ; 50.000.000 ; - ; 211.298.000 ;;ADB; 161.298.000 ; - ; ADB ; 161.298.000 ; Belum Ada Indikasi ; Belum proses ;;;;;;; 161.298.000 ; Belum Ada Indikasi ;" - usulan K/L lender: ADB
- tidak masuk COBP ADB "; - ;" dalam proses
(memiliki FS dan DED) "; belum ada keterangan ; - ; belum ada dokumen R/C ;;0;0;161298000;0
59;0;INFRASTRUKTUR;1;Kementerian Pekerjaan Umum dan Perumahan Rakyat;Development and Management of Irrigation Program ;I;Program Pengembangan dan Pengelolaan Irigasi;7;;;;34;Modernization Strategic Irrigation Project (MSIP); 278.355.000 ; 278.355.000 ; 27.149.500 ; - ; 305.504.500 ;;JICA; 278.355.000 ; - ; JICA ; 278.355.000 ; Bank Dunia ; Sudah terdapat RC ;;;;;;" - Kem. PUPR mengusulkan kegiatan SIMURP (Strategic Irrigation Modernization and Urgent Rehabilitation Project) yang merupakan penggabungan kegiatan URIP dan MSIP senilai USD 500 juta
- Dalam proses pemantapan desain kegiatan
- Rencana pengusulan GB 2018 "; 278.355.000 ; JICA ; - ; - ; belum ada keterangan ; belum ada keterangan ; - ; belum ada dokumen R/C ;;0;0;0;0
60;0;INFRASTRUKTUR;1;Kementerian Pekerjaan Umum dan Perumahan Rakyat;Development and Management of Irrigation Program ;I;Program Pengembangan dan Pengelolaan Irigasi;8;;;;35;Urgent Rehabilitation of  Irrigation Project in Indonesia (URIP); 272.100.000 ; 272.100.000 ; 48.000.000 ; - ; 320.100.000 ;;Bank Dunia; 272.100.000 ; - ; Bank Dunia ; 272.100.000 ;;;;;;;;; 272.100.000 ; Bank Dunia ; - ; - ; belum ada keterangan ; belum ada keterangan ; - ; belum ada dokumen R/C ;;0;0;0;0
61;0;INFRASTRUKTUR;1;Kementerian Pekerjaan Umum dan Perumahan Rakyat;Development and Management of Irrigation Program ;I;Program Pengembangan dan Pengelolaan Irigasi;9;;;;36;Revitalization Groundwater Irrigation in Indonesia; 100.000.000 ; 100.000.000 ; 12.000.000 ; - ; 112.000.000 ;;JICA; 100.000.000 ; - ; JICA ; 100.000.000 ; Korea ; Belum proses ;;;;;; Masuk dalam dokumen CPS ; 100.000.000 ; JICA ; - ; - ; belum ada keterangan ; belum ada keterangan ; - ; belum ada dokumen R/C ;;0;0;0;100000000
;;;;;;;;;;;;37;Engineering Service for Irrigation and Low Land Development Project; 100.000.000 ; 100.000.000 ;;;;;;;;; 61.900.000 ; Belum Ada Indikasi ; Belum proses ;;;;;;; 61.900.000 ; Belum Ada Indikasi ;;;;;;;;0;0;61900000;0
;;;;;;;;;;;J;Program Penyediaan dan Pengelolaan Air Baku ;; 623.862.000 ; 623.862.000 ; 201.074.000 ; - ; 824.936.000 ;;; 623.862.000 ; - ; - ; 621.862.000 ;;;;;;;;; 621.862.000 ; - ;;;;;;;;0;0;0;0
63;0;INFRASTRUKTUR;1;Kementerian Pekerjaan Umum dan Perumahan Rakyat;Provision and Management of Bulk Water Supply Program;J;Program Penyediaan dan Pengelolaan Air Baku ;1;;;;38;Integrated Citarum Water Resources Management Investment Program II; 200.000.000 ; 200.000.000 ; 20.000.000 ; - ; 220.000.000 ;;ADB; 200.000.000 ; - ; ADB ; 200.000.000 ; Belum Ada Indikasi ; Belum proses ;;;;;;"- Sebelum nya berada dalam indikasi lender ADB,
- Dalam dokumen rencana pendanaan ADB (COBP) tidak tercantum kegiatan ini"; 200.000.000 ; ADB ; - ; - ;" dalam proses
(memiliki FS dan DED) ";" dalam proses
(perencanaan) "; - ; belum ada dokumen R/C ;;0;0;200000000;0
64;0;INFRASTRUKTUR;1;Kementerian Pekerjaan Umum dan Perumahan Rakyat;Provision and Management of Bulk Water Supply Program;I;Program Penyediaan dan Pengelolaan Air Baku ;2;;;;39;Karian Dam-Serpong Water Conveyance and Supply System Project; 373.862.000 ; 373.862.000 ; 181.074.000 ; - ; 554.936.000 ;;Korea; 373.862.000 ; - ; Korea ; 373.862.000 ; Korea ; Belum proses ;;;;;;"- Direncanakan masuk GB 2018
- Diperlukan konfirmasi time frame dan time line perencanaan
- Menunggu proses penyelesaian DAM"; 373.862.000 ; Korea ; masuk rolling plan EDCF (Korea) ; - ;" dalam proses
(memiliki FS) ";" dalam proses
(perencanaan) "; - ; belum ada dokumen R/C ;;0;0;0;373862000
65;0;INFRASTRUKTUR;1;Kementerian Pekerjaan Umum dan Perumahan Rakyat;Provision and Management of Bulk Water Supply Program;I;Program Penyediaan dan Pengelolaan Air Baku ;3;;;;40;Engineering Service for Bulk Water and Water Supply Development Project; 50.000.000 ; 50.000.000 ; - ; - ; 50.000.000 ;;ADB; 50.000.000 ; - ; ADB ; 48.000.000 ; Belum Ada Indikasi ; Belum proses ;;;;;;; 48.000.000 ; Belum Ada Indikasi ; - ;"2016; 2015"; siap ; tidak butuh lahan ; - ;" - sudah GB 2016  
- Nilai pinjaman di GB USD 2.000 ribu ";;0;0;48000000;0
;;;;;;;;;;;K;Program Pembangunan Waduk ;;#REF!;#REF!; 963.200.000 ;#REF!;#REF!;;;#REF!;#REF!; - ; 2.131.820.000 ;;;;;;;;;#REF!; - ;;;;;;;;0;0;0;0
;;;;;;;;;;;;41;Jambo Aye Multipurpose Dam Project; 662.200.000 ; 662.200.000 ; 460.700.000 ; - ; 1.122.900.000 ;;; 662.200.000 ; - ; Rupiah Murni ; 662.200.000 ; Belum Ada Indikasi ; Belum proses ;;;;;;; 662.200.000 ; Belum Ada Indikasi ; - ; - ; belum ada keterangan ;" dalam proses
(perencanaan) "; - ; belum ada dokumen R/C ;;0;0;662200000;0
;;;;;;;;;;;;42;Komering Multipurpose Dam Project - Phase II; 200.000.000 ; 200.000.000 ; 20.000.000 ; - ; 220.000.000 ;;; 200.000.000 ; - ; Rupiah Murni ; 200.000.000 ; JICA ; Belum proses ;;;;;; Masuk dalam perbincangan prioritas kegiatan JICA yang diusulkan (policy dialog) ; 200.000.000 ; Belum Ada Indikasi ; - ; - ;" dalam proses
(penyusunan FS) ";" dalam proses
(perencanaan) "; - ; belum ada dokumen R/C ;;0;200000000;0;0
68;0;INFRASTRUKTUR;1;Kementerian Pekerjaan Umum dan Perumahan Rakyat;Dam Development Program;J;Program Pembangunan Waduk ;3;;;;43;Pelosika Multipurpose Dam Construction Project; 200.000.000 ; 200.000.000 ; 170.000.000 ; - ; 370.000.000 ;;Rupiah Murni; 200.000.000 ; - ; Rupiah Murni ; 200.000.000 ; RRT ; Belum proses ;;;;;;" - Sudah terdapat penandatanganan MOU kontrak dari Kemenkeu terkait pendanaan kegiatan Kem.PUPR (USD 1 milyar)
- Perlu dikonfirmasi lebih lanjut. 
- Masuk daftar proyek dalam lampiran MoU dengan RRT "; 200.000.000 ; RRT ; - ; - ;" dalam proses
(penyusunan FS) ";" dalam proses
(perencanaan) "; - ; belum ada dokumen R/C ;;200000000;0;0;0
69;0;INFRASTRUKTUR;1;Kementerian Pekerjaan Umum dan Perumahan Rakyat;Dam Development Program;J;Program Pembangunan Waduk ;4;;;;44;Lambakan  Dam Project; 258.000.000 ; 258.000.000 ; 227.000.000 ; - ; 485.000.000 ;;IDB; 258.000.000 ; - ; IDB ; 258.000.000 ; IDB ; Belum proses ;;;;;; Terdapat dalam dokumen MCPS ; 258.000.000 ; IDB ; - ; - ;" dalam proses
(penyusunan FS) ";" dalam proses
(perencanaan) "; - ; belum ada dokumen R/C ;;0;0;0;0
70;0;INFRASTRUKTUR;1;Kementerian Pekerjaan Umum dan Perumahan Rakyat;Dam Development Program;J;Program Pembangunan Waduk ;5;;;;45;Jenelata Dam Construction Project; 200.000.000 ; 200.000.000 ; 20.000.000 ; - ; 220.000.000 ;;RRT; 200.000.000 ; - ; RRT ; 200.000.000 ; RRT ; Belum proses ;;;;;;" - Sudah terdapat penandatanganan MOU kontrak dari Kemenkeu terkait pendanaan kegiatan Kem.PUPR (USD 1 milyar)
- Perlu dikonfirmasi lebih lanjut. 
- Masuk daftar proyek dalam lampiran MoU dengan RRT "; 200.000.000 ; RRT ; - ; - ; siap ;" dalam proses
(perencanaan) "; - ; belum ada dokumen R/C ;;200000000;0;0;0
71;0;INFRASTRUKTUR;1;Kementerian Pekerjaan Umum dan Perumahan Rakyat;Dam Development Program;J;Program Pembangunan Waduk ;6;;;;46;Bonehulu Dam Construction Project; 128.250.000 ; 128.250.000 ; 21.000.000 ; - ; 149.250.000 ;;RRT; 128.250.000 ; - ; RRT ; 128.250.000 ; Belum Ada Indikasi ; Belum proses ;;;;;;; 128.250.000 ; RRT ; - ; - ;" dalam proses
(penyusunan FS) ";" dalam proses
(perencanaan) "; - ; belum ada dokumen R/C ;;0;0;128250000;0
72;0;INFRASTRUKTUR;1;Kementerian Pekerjaan Umum dan Perumahan Rakyat;Dam Development Program;J;Program Pembangunan Waduk ;7;;;;47;Ladongi Dam Construction Project; 70.000.000 ; 70.000.000 ; 7.000.000 ; - ; 77.000.000 ;;RRT; 70.000.000 ; - ; RRT ; 70.000.000 ; Belum Ada Indikasi ; Belum proses ;;;;;;; 70.000.000 ; RRT ; - ; - ; siap ;" dalam proses
(perencanaan) "; - ; belum ada dokumen R/C ;;0;0;70000000;0
;;;;;;;;;;;;48;Kuwil Kawangkoan Dam Construction Project; 110.000.000 ; 110.000.000 ; 11.000.000 ; - ; 121.000.000 ;;; 110.000.000 ;; Rupiah Murni ; 110.000.000 ; Belum Ada Indikasi ; Belum proses ;;;;;; Diindikasaikan menggunakan Rupiah Murni ; 110.000.000 ; Belum Ada Indikasi ; - ; - ;;; - ; belum ada dokumen R/C ;;0;0;110000000;0
74;0;INFRASTRUKTUR;1;Kementerian Pekerjaan Umum dan Perumahan Rakyat;Dam Development Program;J;Program Pembangunan Waduk ;9;;;;49;Lompatan Harimau Dam Construction Project (Rokan Kiri Dam Construction Project); 152.100.000 ; 152.100.000 ; 26.500.000 ; - ; 178.600.000 ;;RRT; 152.100.000 ; - ; RRT ; 152.100.000 ; RRT ; Belum proses ;;;;;;" - Sudah terdapat penandatanganan MOU kontrak dari Kemenkeu terkait pendanaan kegiatan Kem.PUPR (USD 1 milyar)
- Perlu dikonfirmasi lebih lanjut.  
- Masuk daftar proyek dalam lampiran MoU dengan RRT "; 152.100.000 ; RRT ; - ; - ;" dalam proses
(memiliki FS) ";" dalam proses
(perencanaan) "; - ; belum ada dokumen R/C ;;152100000;0;0;0
76;0;INFRASTRUKTUR;1;Kementerian Pekerjaan Umum dan Perumahan Rakyat;Dam Development Program;J;Program Pembangunan Waduk ;11;;;;50;Additional Loan for Jatigede Dam Project 2; 53.200.000 ; 53.200.000 ; - ; - ; 53.200.000 ;;RRT; 53.200.000 ; - ; RRT ; 53.200.000 ; Belum Ada Indikasi ; Belum proses ;;;;;;; 53.200.000 ; RRT ; - ;2015;" dalam proses
(memiliki FS dan DED) ";" dalam proses
(persiapan) "; - ; - ;;0;0;53200000;0
;;;;;;;;;;;;51;Engineering Service for Dam Multipurpose Development Project; 100.000.000 ; 100.000.000 ;;;;; Korea ; 21.678.596 ; - ; Korea ; 21.610.980 ; Korea ;"- GB 2017
- DK tanggal Feb 2017
- Tahap negoisasi (cek update)";;;;;; Engineering Service untuk 8 DAM yang konstruksinya dapat menggunakan sumber pendanaan lainnya ; 21.678.596 ; Korea ;" - co-financing dengan ADB (USD 1,9 juta) dan belum ada indikasi (USD 76,4 juta)
- masuk rolling plan EDCF (Korea) ";2016;;; - ; - ;;0;0;0;21610980
;;;;;;;;;;;;;;;;;;;; Belum Ada Indikasi ; - ; 76.391.404 ; Belum Ada Indikasi ; 76.459.020 ; Belum Ada Indikasi ; Belum proses ;;;;;;; 76.391.404 ; Belum Ada Indikasi ; co-financing dengan Korea (USD 21,7 juta) dan ADB (USD 1,9 juta) ; - ;;; - ; belum ada dokumen R/C ;;0;0;76459020;0
;;;;;;;;;;;L;Program Mitigasi Terhadap Daya Rusak Air;;#REF!;#REF!; 84.400.000 ;#REF!;#REF!;;;#REF!;#REF!;; 884.316.000 ;;;;;;;;;#REF!; - ;;;;;;;;0;0;0;0
77;0;INFRASTRUKTUR;1;Kementerian Pekerjaan Umum dan Perumahan Rakyat;Mitigation of Water Hazards Program;K;Program Mitigasi Terhadap Daya Rusak Air;1;;;;52;Lower Solo River Improvement Project - Phase II; 155.836.000 ; 155.836.000 ; 22.500.000 ; - ; 178.336.000 ;;JICA; 155.836.000 ; - ; JICA ; 155.836.000 ; JICA ; Belum proses ;;;;;; Masuk dalam perbincangan prioritas kegiatan JICA yang diusulkan (policy dialog) ; 155.836.000 ; JICA ; - ; - ; siap ;" dalam proses
(perencanaan) "; - ; belum ada dokumen R/C ;;0;155836000;0;0
78;0;INFRASTRUKTUR;1;Kementerian Pekerjaan Umum dan Perumahan Rakyat;Mitigation of Water Hazards Program;K;Program Mitigasi Terhadap Daya Rusak Air;2;;;;53;Comprehensive Countermeasure for Sediment & Flood Problems in South Sulawesi Province; 108.100.000 ; 108.100.000 ; 3.900.000 ; - ; 112.000.000 ;;JICA; 108.100.000 ; - ; JICA ; 108.100.000 ; JICA ; Belum proses ;;;;;; Masuk dalam perbincangan prioritas kegiatan JICA yang diusulkan (policy dialog) ; 108.100.000 ; JICA ; - ; - ;" dalam proses
(memiliki FS dan DED) "; belum ada keterangan ; - ; belum ada dokumen R/C ;;0;108100000;0;0
80;0;INFRASTRUKTUR;1;Kementerian Pekerjaan Umum dan Perumahan Rakyat;Mitigation of Water Hazards Program;K;Program Mitigasi Terhadap Daya Rusak Air;4;;;;54;Urgent Disaster Reduction of Mt. Sinabung, Mt. Semeru, Mt. Kelud Mt. Lokon, and Mt. Gamalama ; 260.000.000 ; 260.000.000 ; 26.000.000 ; - ; 286.000.000 ;;JICA; 260.000.000 ; - ; JICA ; 260.000.000 ; JICA ; Belum proses ;;;;;; Masuk dalam perbincangan prioritas kegiatan JICA yang diusulkan (policy dialog) ; 260.000.000 ; JICA ; - ; - ; siap ;" dalam proses
(persiapan) "; - ; belum ada dokumen R/C ;;0;260000000;0;0
81;0;INFRASTRUKTUR;1;Kementerian Pekerjaan Umum dan Perumahan Rakyat;Mitigation of Water Hazards Program;K;Program Mitigasi Terhadap Daya Rusak Air;5;;;;55;Urban Flood Control System Improvement in Selected Cities -Phase II  ; 120.000.000 ; 120.000.000 ; 12.000.000 ; - ; 132.000.000 ;;JICA; 120.000.000 ; - ; JICA ; 120.000.000 ; JICA ; Belum proses ;;;;;;" - Direncanakan pengusulan untuk GB 2018
- K/L terkait belum mengusulkan "; 120.000.000 ; JICA ; - ; - ; siap ;" dalam proses
(perencanaan) "; - ; belum ada dokumen R/C ;;0;120000000;0;0
0;0;INFRASTRUKTUR;1;Kementerian Pekerjaan Umum dan Perumahan Rakyat;Mitigation of Water Hazards Program;K;Program Mitigasi Terhadap Daya Rusak Air;6;;;;56;Flood Management in Selected River Basins Sector Project (Additional Financing); 200.000.000 ; 200.000.000 ; 20.000.000 ; - ; 220.000.000 ;; Belum Ada Indikasi ; - ; 200.000.000 ; Belum Ada Indikasi ; 200.000.000 ; ADB ; Belum proses ;;;;;; Terdapat dalam dokumen COBP ; 200.000.000 ; ADB ; sudah masuk COBP ADB ; - ; belum ada keterangan ; belum ada keterangan ; - ; belum ada dokumen R/C ;;0;0;0;0
;;;;;;;;;;;;57;Engineering Service for Coastal and River Development Project; 50.000.000 ; 50.000.000 ;;;;;Korea; 10.500.000 ;; Korea ; 10.094.400 ; Korea ;"- GB 2017
- DK tanggal Feb 2017
- Tahap negoisasi (cek update)";;;;;; Engineering Service untuk 4 sungai yang konstruksinya dapat menggunakan sumber pendanaan lainnya ; 10.500.000 ; Korea ;" - co-financing dengan ADB (USD 9,6 juta) dan belum ada indikasi (USD 29,9 juta)
- masuk rolling plan EDCF (Korea) ";2016; siap ; tidak butuh lahan ; - ; - ;;0;0;0;10094400
;;;;;;;;;;;;;;;;;;;;Belum Ada Indikasi; - ; 29.880.000 ; Belum Ada Indikasi ; 30.285.600 ; Belum Ada Indikasi ; Belum proses ;;;;;;"- Sebelum nya berada dalam indikasi lender ADB
- Dalam dokumen rencana pendanaan ADB (COBP) tidak tercantum kegiatan ini"; 29.880.000 ; Belum Ada Indikasi ; co-financing dengan Korea (USD 10,5 juta) dan ADB (USD 29,8 juta) ; - ; belum ada keterangan ; belum ada keterangan ; - ; - ;;0;0;30285600;0
;;;;;;;;;;;M;Program Pengelolaan Infrastruktur Sumber Daya Air ;;#REF!;#REF!; 80.000.000 ;#REF!;#REF!;;;#REF!;#REF!;; 400.000.000 ;;;;;;;;;#REF!; - ;;;;;;;;0;0;0;0
86;0;INFRASTRUKTUR;1;Kementerian Pekerjaan Umum dan Perumahan Rakyat;Management of Water Resources Infrastructure Program;L;Program Pengelolaan Infrastruktur Sumber Daya Air ;2;;;;58;Enhanced Water Security Investment Program    ; 350.000.000 ; 350.000.000 ; 70.000.000 ; - ; 420.000.000 ;;ADB; 350.000.000 ; - ; ADB ; 350.000.000 ; ADB ; Belum proses ;;;;;; Terdapat dalam dokumen COBP ; 350.000.000 ; ADB ; - ; - ; belum ada keterangan ; belum ada keterangan ; - ; belum ada dokumen R/C ;;0;0;0;0
87;0;INFRASTRUKTUR;1;Kementerian Pekerjaan Umum dan Perumahan Rakyat;Management of Water Resources Infrastructure Program;L;Program Pengelolaan Infrastruktur Sumber Daya Air ;3;;;;59;Engineering Service for Water Resources Infrastructure Management; 50.000.000 ; 50.000.000 ; 10.000.000 ; - ; 60.000.000 ;;Belum Ada Indikasi; - ; 50.000.000 ; Belum Ada Indikasi ; 50.000.000 ; Belum Ada Indikasi ; Belum proses ;;;;;;"- Sebelum nya berada dalam indikasi lender ADB
- Dalam dokumen rencana pendanaan ADB (COBP) tidak tercantum kegiatan ini"; 50.000.000 ; ADB ; sudah masuk COBP ADB ; - ; siap ; tidak butuh lahan ; - ; belum ada dokumen R/C ;;0;0;50000000;0
;;;;;;;;;;;N;Program Infrastruktur untuk Pengembangan Pariwisata ;; - ; 296.000.000 ; 40.000.000 ; 10.000.000 ; 346.000.000 ;;; 300.000.000 ; - ;; 296.000.000 ;;;;;;;;; 300.000.000 ; - ; - ;;;;;;;0;0;0;0
;;;;;;;;;;;;60;Integrated Infrastructure Development for National Tourism Strategic Areas; - ; 296.000.000 ; 40.000.000 ; 10.000.000 ; 346.000.000 ;;; 300.000.000 ; - ; Bank Dunia ; 296.000.000 ; Bank Dunia ; Proses penyusunan RC ;;;;;; Dalam penyusunan FS dengan menggunakan pinjaman Bank Dunia ; 300.000.000 ; Bank Dunia ; - ; Rev. 2016 ; - ; - ; - ; Nilai pinjaman di GB USD 4.000 ribu ;;0;0;0;0
;;;;;;;;;;;O;Program Penyediaaan Perumahan Bagi MBR;; 300.000.000 ; 450.000.000 ; - ; - ; 450.000.000 ;;; - ; 450.000.000 ;; 450.000.000 ;;;;;;;;; 450.000.000 ; - ; - ;;;;;;;0;0;0;0
;;;;;;;;;;;;61;National Affordable Housing Project; 300.000.000 ; 450.000.000 ; - ; - ; 450.000.000 ;;; - ; 450.000.000 ; Belum Ada Indikasi ; 450.000.000 ; Bank Dunia ;"- GB 2017
- DK tanggal 11 Jan 2017
- Sudah LA Februari 2017";;;;;;; 450.000.000 ; Bank Dunia ; - ; Rev. 2016 ; siap ; belum ada keterangan ; - ; - ;;0;0;0;0
;;;;;;;;;;2;PERUMNAS;;; 200.000.000 ; 200.000.000 ; 20.000.000 ; - ; 220.000.000 ;;; 200.000.000 ; - ; - ; 200.000.000 ;;;;;;;;; 200.000.000 ; - ; - ;;;;;;;0;0;0;0
;;;;;;;;;;;A;Program Penyediaaan Perumahan Bagi MBR;; 200.000.000 ; 200.000.000 ; 20.000.000 ; - ; 220.000.000 ;;; 200.000.000 ; - ;; 200.000.000 ;;;;;;;;; 200.000.000 ; - ; - ;;;;;;;0;0;0;0
89;0;INFRASTRUKTUR;2;PERUMNAS;Program for Provision of Housing For Low-Income Households;A;Program Penyediaaan Perumahan Bagi MBR;1;;;;62;Support for National Housing and Urban Development Cooperation; 200.000.000 ; 200.000.000 ; 20.000.000 ;; 220.000.000 ;;JICA; 200.000.000 ;; JICA ; 200.000.000 ; JICA ; Belum proses ;;;;;; Masuk dalam perbincangan prioritas kegiatan JICA yang diusulkan (policy dialog) ; 200.000.000 ; JICA ; - ; - ;" dalam proses
(memiliki FS dan DED) "; siap ; - ; belum ada dokumen R/C ;;0;200000000;0;0
;;;;;;;;;;3;Kementerian Perhubungan;;; 5.542.336.700 ; 9.122.613.000 ; 1.478.837.700 ;#REF!;#REF!;;;#REF!;#REF!;; 9.313.613.000 ;;;;;;;;; 9.122.613.000 ; - ;;;;;;;;0;0;0;0
;;;;;;;;;;;A;Program Pengembangan Perkeretaapian;; 5.542.336.700 ; 7.135.239.900 ; 876.537.700 ;#REF!;#REF!;;;#REF!;#REF!;; 7.326.239.900 ;;;;;;;;; 7.135.239.900 ; - ;;;;;;;;0;0;0;0
92;0;INFRASTRUKTUR;3;Kementerian Perhubungan;Railway Development Program;A;Program Pengembangan Perkeretaapian;1;;;;63;Procurement of Track Material and Turn Out - Phase III; 292.336.700 ; 292.336.700 ; 73.084.200 ; - ; 365.420.900 ;;Belum Ada Indikasi; - ; 292.336.700 ; Belum Ada Indikasi ; 292.336.700 ; RRT ; Sudah terdapat RC ;;;;;;" - Diperlukan konfirmasi time frame
- Masuk dalam MoU RRT sebesar USD 1 Miliar (cek ulang) "; 292.336.700 ; AIIB ;" - usulan K/L semula lender: Belum Ada Indikasi
- usulan Dit.Multilateral, diusulkan kepada AIIB. "; - ; belum ada keterangan ; tidak butuh lahan ; - ; belum ada dokumen R/C ;;292336700;0;0;0
;;;;;;;;;;;;;Procurement of Track Material and Turn Out - Phase IV; - ; 126.830.200 ; 22.381.800 ; - ; 149.212.000 ;;; - ; 126.830.200 ; Belum Ada Indikasi ; 126.830.200 ; RRT ; Belum proses ;;;;;; Masuk dalam MoU RRT sebesar USD 1 Miliar (cek ulang) ; 126.830.200 ; RRT ; - ; - ;;; - ; belum ada dokumen R/C ;;126830200;0;0;0
93;0;INFRASTRUKTUR;3;Kementerian Perhubungan;Railway Development Program;A;Program Pengembangan Perkeretaapian;2;;;;64;Construction of Jakarta Mass Rapid Transit North-South Line Project (Lebak Bulus-Kampung Bandan) ; 1.678.000.000 ; 1.678.000.000 ; 167.800.000 ; - ; 1.845.800.000 ;;JICA; 1.678.000.000 ; - ; JICA ; 1.869.000.000 ; JICA ; GB 2017 ;;;;;; Terdapat penambahan ruang lingkup biaya tambahan pembangunan MRT Fase 1 (USD 191 juta) ; 1.678.000.000 ; JICA ; Belum proses ; - ;" dalam proses
(memiliki FS) ";" dalam proses
(perencanaan) "; - ; belum ada dokumen R/C ;;0;1869000000;0;0
94;0;INFRASTRUKTUR;3;Kementerian Perhubungan;Railway Development Program;A;Program Pengembangan Perkeretaapian;3;;;;65;Construction of Jakarta Mass Rapid Transit East-West Line Project - Phase I; 3.572.000.000 ; 3.572.000.000 ; 357.200.000 ; - ; 3.929.200.000 ;;JICA; 3.572.000.000 ; - ; JICA ; 3.572.000.000 ; JICA ; Belum proses ;;;;;; Terdapat permintaan Kem. Perhubungan untuk pembatalan ES (Engineering Services)MRT koridor East West pada 29 Mei 2017 ; 3.572.000.000 ; JICA ; Sebagian akan diteruspinjamkan kepada Pemprov. DKI Jakarta ; - ;" dalam proses
(memiliki FS) ";" dalam proses
(perencanaan) "; - ; belum ada dokumen R/C ;;0;3572000000;0;0
;;;;;;;;;;;;66;Surabaya Regional Railway Line - Phase I; - ; 100.000.000 ; 15.000.000 ; - ; 115.000.000 ;;; - ; 100.000.000 ; Belum Ada Indikasi ; 100.000.000 ; Jerman (KfW) ; Belum proses ;;;;;;"- Masuk Summary of Record (proposal loan)
- Dalam proses pre-request
- Sedang dilakukan FS kegiatan dari sumber pendanaan hibah "; 100.000.000 ; Belum Ada Indikasi ; 7.898.503.500 ; - ; belum ada keterangan ; belum ada keterangan ; - ; belum ada dokumen R/C ;;0;0;0;0
;;;;;;;;;;;;67;Development of Railway Quality Assurance Facility; - ; 461.428.600 ; 81.428.600 ; - ; 542.857.200 ; Pembulatan nilai pinjaman semula USD 461.428.572 & pendamping USD 81.428.571 ;; - ; 461.428.600 ; Belum Ada Indikasi ; 461.428.600 ; Belum Ada Indikasi ; Belum proses ;;;;;;; 461.428.600 ; Belum Ada Indikasi ; - ; - ; belum ada keterangan ; belum ada keterangan ; - ; belum ada dokumen R/C ;;0;0;461428600;0
;;;;;;;;;;;;68;Construction of Railway line for Bitung - Gorontalo - Isimu; - ; 505.476.800 ; 89.201.771 ; - ; 594.678.571 ;;; - ; 505.476.800 ; Belum Ada Indikasi ; 505.476.800 ; AIIB ; Belum proses ;;;;;;; 505.476.800 ; Belum Ada Indikasi ; - ; - ; belum ada keterangan ; belum ada keterangan ; - ; belum ada dokumen R/C ;;0;0;0;0
;;;;;;;;;;;;69;Construction of Railway line for Pare-pare - Mamuju; - ; 399.167.600 ; 70.441.329 ; - ; 469.608.929 ;;; - ; 399.167.600 ; Belum Ada Indikasi ; 399.167.600 ; AIIB ; Belum proses ;;;;;;; 399.167.600 ; Belum Ada Indikasi ; - ; - ; belum ada keterangan ; belum ada keterangan ; - ; belum ada dokumen R/C ;;0;0;0;0
;;;;;;;;;;;B;Program Pengembangan Transportasi Laut ;; - ; 1.987.373.100 ; 602.300.000 ; - ; 2.589.673.100 ;;; - ; 1.987.373.100 ;; 1.987.373.100 ;;;;;;;;; 1.987.373.100 ; - ;;;;;;;;0;0;0;0
;;;;;;;;;;;;70;Development and Improvement of Indonesian Aids to Navigation; - ; 27.402.600 ; 7.300.000 ; - ; 34.702.600 ; Pembulatan nilai pinjaman semula USD 27.402.632  ;; - ; 27.402.600 ; Belum Ada Indikasi ; 27.402.600 ; KOREA ; Belum proses ;;;;;; Masuk dalam dokumen CPS  ; 27.402.600 ; Belum Ada Indikasi ; - ; - ; belum ada keterangan ; belum ada keterangan ; - ; - ;;0;0;0;27402600
;;;;;;;;;;;;71;Procurement of Navigation First Class Vessels; - ; 186.237.900 ; - ; - ; 186.237.900 ; Pembulatan nilai pinjaman semula USD 186.237.914 ;; - ; 186.237.900 ; Belum Ada Indikasi ; 186.237.900 ; Belum Ada Indikasi ; Belum proses ;;;;;;; 186.237.900 ; Belum Ada Indikasi ; - ; - ; belum ada keterangan ; belum ada keterangan ; - ; - ;;0;0;186237900;0
;;;;;;;;;;;;72;Procurement of Navigation Carrier Vessels; - ; 73.732.600 ; - ; - ; 73.732.600 ; Pembulatan nilai pinjaman semula USD 73.732.637 ;; - ; 73.732.600 ; Belum Ada Indikasi ; 73.732.600 ; Korea ; Belum proses ;;;;;;" - Masuk dalam dokumen CPS 
- Direncanakan Korea akan memberi pinjaman USD 33 juta (perlu konfirmasi dengan Dit. Bila). (Cek Update) "; 73.732.600 ; Belum Ada Indikasi ; - ; - ; belum ada keterangan ; belum ada keterangan ; - ; - ;;0;0;0;73732600
;;;;;;;;;;;;73;The Development of Patimban Port - Stage I; - ; 1.700.000.000 ; 595.000.000 ; - ; 2.295.000.000 ;;; - ; 1.700.000.000 ; Belum Ada Indikasi ; 1.025.052.000 ; JICA ;" - GB 2017 (USD 1.025 juta)
- DK tanggal 31 Juli 2017
- Sudah LA tanggal 15 November 2017 ";;;;;;"- Sudah LA tanggal 15 November 2017
- Rencana penarikan tahun pertama 96,103 jt/7th
- Dalam Nota Dinas Sari Direktur Pendanaan Luar Negeri Bilateral (No. 020/Dt.8.3.ND/01/2018) ruang lingkup pelabuhan patimban adalah pelabuhan dan jalan akses
- Nilai penarikan 2019 adalah 219,1 USD juta"; 1.700.000.000 ; JICA ; - ; - ; belum ada keterangan ; belum ada keterangan ; - ; belum ada dokumen R/C ;;0;1025052000;0;0
;;;;;;;;;;;;;;;;;;;;;;;; 674.948.000 ; JICA ; Belum proses ;;;;;;;;;;;;;;;;0;674948000;0;0
;;;;;;;;;;4;Kementerian Komunikasi dan Informatika;;; 556.000.000 ; 556.000.000 ; 61.000.000 ; 10.000.000 ; 627.000.000 ;;; 145.000.000 ; 411.000.000 ;; 556.000.000 ;;;;;;;;; 556.000.000 ; - ;;;;;;;;0;0;0;0
;;;;;;;;;;;A;Program Pengembangan Infrastruktur TIK dan Penyiaran;; 556.000.000 ; 556.000.000 ; 61.000.000 ; 10.000.000 ; 627.000.000 ;;; 145.000.000 ; 411.000.000 ;; 556.000.000 ;;;;;;;;; 556.000.000 ; - ; 576.000.000 ;;;;;;;0;0;0;0
97;0;INFRASTRUKTUR;5;Kementerian Komunikasi dan Informatika;Information Communication And Technology (ICT) And Broadcasting Infrastructure Development Program;A;Program Pengembangan Infrastruktur TIK dan Penyiaran;1;;;;74;Improvement on TV Transmitting Stations (Digitalization of TVRI) - Phase III; 411.000.000 ; 411.000.000 ; 41.000.000 ; - ; 452.000.000 ;;Belum Ada Indikasi; - ; 411.000.000 ; Belum Ada Indikasi ; 411.000.000 ; US EXIM/Perancis ; Belum proses ;;;;;; Belum ada kepastian lender dari sisi K/L ; 411.000.000 ; US EXIM/Perancis ; - ; - ;" dalam proses
(penyusunan FS) "; siap ; - ; belum ada dokumen R/C ;;0;0;0;0
98;0;INFRASTRUKTUR;5;Kementerian Komunikasi dan Informatika;Information Communication And Technology (ICT) And Broadcasting Infrastructure Development Program;A;Program Pengembangan Infrastruktur TIK dan Penyiaran;2;;;;75;Strengthening of e-Government Infrastructure; 145.000.000 ; 145.000.000 ; 20.000.000 ; 10.000.000 ; 175.000.000 ;;Korea; 145.000.000 ;; Korea ; 145.000.000 ; Korea ; Belum proses ;;;;;; Masuk dalam dokumen CPS  ; 145.000.000 ; Korea ; masuk rolling plan EDCF (Korea) ; - ;" dalam proses
(penyusunan FS) ";" dalam proses
(persiapan) "; - ; penyiapan dokumen R/C ;;0;0;0;145000000
;;;;;;;;;;5;Kepolisian RI;;; 20.000.000 ; 20.000.000 ; 3.500.000 ; - ; 23.500.000 ;;; 20.000.000 ; - ;; 20.000.000 ;;;;;;;;; 20.000.000 ; - ;;;;;;;;0;0;0;0
;;;;;;;;;;;A;Program Pengembangan Infrastruktur TIK dan Penyiaran;; 20.000.000 ; 20.000.000 ; 3.500.000 ; - ; 23.500.000 ;;; 20.000.000 ; - ;; 20.000.000 ;;;;;;;;; 20.000.000 ; - ;;;;;;;;0;0;0;0
100;0;INFRASTRUKTUR;6;Kepolisian RI;Information Communication And Technology (ICT) And Broadcasting Infrastructure Development Program;A;Program Pengembangan Infrastruktur TIK dan Penyiaran;1;;;;76;National Criminal Information Center for Indonesian National Police - Phase II; 20.000.000 ; 20.000.000 ; 3.500.000 ; - ; 23.500.000 ;;Korea; 20.000.000 ; - ; Korea ; 20.000.000 ; Korea ; Belum proses ;;;;;;" - Potensial ditunda
- Diperlukan konfirmasi karena masuk ke dalam GB sebanyak 5 kali "; 20.000.000 ; Korea ; masuk rolling plan EDCF (Korea) ;2015; siap ; tidak butuh lahan ; - ; - ;;0;0;0;20000000
;;;;;;;;;;6;PT. PLN    ;;; 4.271.000.000 ; 4.271.000.000 ; 843.000.000 ; - ; 5.114.000.000 ;;; 4.271.000.000 ; - ;; 4.271.000.000 ;;;;;;;;; 4.271.000.000 ; - ;;;;;;;;0;0;0;0
;;;;;;;;;;;A;Program Pembangunan Infrastruktur Ketenagalistrikan;; 4.271.000.000 ; 4.271.000.000 ; 843.000.000 ; - ; 5.114.000.000 ;;; 4.271.000.000 ; - ;; 4.271.000.000 ;;;;;;;;; 4.271.000.000 ; - ; 4.332.600.000 ;;;;;;;0;0;0;0
103;0;INFRASTRUKTUR;7;PT. PLN    ;Electricity Infrastructure Development Program;A;Program Pembangunan Infrastruktur Ketenagalistrikan;1;;;;77;Construction of Java Sumatera Interconnection 500 kV (HVDC-Phase 3 & 4); 933.000.000 ; 933.000.000 ; 165.000.000 ; - ; 1.098.000.000 ;;JICA; 933.000.000 ; - ; JICA ; 933.000.000 ; JICA ; Belum proses ;;;;;;"- Potensial ditunda
- HVDC Phase 2 (proyek on-going) ditangguhkan pelaksanaannya sampai 2021"; 933.000.000 ; JICA ; - ; - ; belum ada keterangan ; belum ada keterangan ; - ; penyiapan dokumen R/C ;;0;933000000;0;0
106;0;INFRASTRUKTUR;7;PT. PLN    ;Electricity Infrastructure Development Program;A;Program Pembangunan Infrastruktur Ketenagalistrikan;2;;;;78;Hululais Geothermal Power Plant  1&2 (2x55MW); 204.000.000 ; 204.000.000 ; 42.000.000 ; - ; 246.000.000 ;;JICA; 204.000.000 ; - ; JICA ; 204.000.000 ; JICA ; Sudah terdapat RC ;;;;;;Akan diproses 2018; 204.000.000 ; JICA ; - ; - ; belum ada keterangan ; belum ada keterangan ; - ; belum ada dokumen R/C ;;0;204000000;0;0
107;0;INFRASTRUKTUR;7;PT. PLN    ;Electricity Infrastructure Development Program;A;Program Pembangunan Infrastruktur Ketenagalistrikan;3;;;;79;Bakaru II Hydro Electrical Power Plant (2x63MW); 280.000.000 ; 280.000.000 ; 20.000.000 ; - ; 300.000.000 ;;Jerman (KfW); 280.000.000 ; - ; Jerman (KfW) ; 280.000.000 ; Belum Ada Indikasi ; Belum proses ;;;;;;"-Direct lending
- Sebelumnya berada dalam indikasi Jerman (KfW)"; 280.000.000 ; Jerman (KfW) ; - ; - ; dalam proses ;" dalam proses
(perencanaan) "; - ;" - tidak diketahui dalam proses apa
- belum ada dokumen R/C ";;0;0;280000000;0
108;0;INFRASTRUKTUR;7;PT. PLN    ;Electricity Infrastructure Development Program;A;Program Pembangunan Infrastruktur Ketenagalistrikan;4;;;;80;Tulehu Geothermal Power Plant Project Unit 1&2 (2x10MW); 104.000.000 ; 104.000.000 ; 18.000.000 ; - ; 122.000.000 ;;JICA; 104.000.000 ; - ; JICA ; 104.000.000 ; JICA ; Sudah terdapat RC ;;;;;;Akan diproses 2018; 104.000.000 ; JICA ; - ; - ;" dalam proses
(penyusunan FS) ";" dalam proses
(pelaksanaan 63%) "; - ; belum ada dokumen R/C ;;0;104000000;0;0
109;0;INFRASTRUKTUR;7;PT. PLN    ;Electricity Infrastructure Development Program;A;Program Pembangunan Infrastruktur Ketenagalistrikan;5;;;;81;Indramayu Coal Fired Power Plant  #4 (1x1000MW); 1.845.000.000 ; 1.845.000.000 ; 333.000.000 ; - ; 2.178.000.000 ;;JICA; 1.845.000.000 ; - ; JICA ; 300.000.000 ; JICA ; GB 2017 (USD 300 juta) ;;;;;;; 1.845.000.000 ; JICA ; - ; - ; siap ;" dalam proses
(perencanaan) "; - ; belum ada dokumen R/C ;;0;300000000;0;0
;;;;;;;;;;;;;;;;;;;;;;;; 1.545.000.000 ; JICA ; Sudah terdapat RC ;;;;;;Akan diproses lebih lanjut slice 2 pada GB 2019;;;;;;;;;;0;1545000000;0;0
110;0;INFRASTRUKTUR;7;PT. PLN    ;Electricity Infrastructure Development Program;A;Program Pembangunan Infrastruktur Ketenagalistrikan;6;;;;82;Additional Loan for Upper Cisokan Pumped Storage Hydro Electrical Power Plant (4x260MW); 200.000.000 ; 200.000.000 ; - ; - ; 200.000.000 ;;Bank Dunia; 200.000.000 ; - ; Bank Dunia ; 200.000.000 ; Bank Dunia ; Belum proses ;;;;;;"- Potensial ditunda
- Kegiatan Cisokan I di batalkan (Surat PLN Maret 2017) 
- Apakah Direct Lending ?"; 200.000.000 ; Bank Dunia ; - ; - ; siap ;" dalam proses
(pelaksanaan 95%) "; - ; belum ada dokumen R/C ;;0;0;0;0
111;0;INFRASTRUKTUR;7;PT. PLN    ;Electricity Infrastructure Development Program;A;Program Pembangunan Infrastruktur Ketenagalistrikan;7;;;;83;Sungai Penuh Geothermal Power Plant 1&2 (2x55MW); 205.000.000 ; 205.000.000 ; 45.000.000 ; - ; 250.000.000 ;;ADB; 205.000.000 ; - ; ADB ; 205.000.000 ; ADB ; Belum proses ;;;;;; Direncanakan menggunakan direct lending, namun jangan dihapus dari BB dulu ; 205.000.000 ; ADB ; - ; - ; siap ; belum ada keterangan ; - ; belum ada dokumen R/C ;;0;0;0;0
112;0;INFRASTRUKTUR;7;PT. PLN    ;Electricity Infrastructure Development Program;A;Program Pembangunan Infrastruktur Ketenagalistrikan;8;;;;84;Matenggeng Pumped Storage Hydro Electrical Power Plant (4x225MW); 500.000.000 ; 500.000.000 ; 220.000.000 ; - ; 720.000.000 ;;Bank Dunia; 500.000.000 ; - ; Bank Dunia ; 500.000.000 ; Bank Dunia ; Proses penyusunan FS ;;;;;; Potensial direct lending ; 500.000.000 ; Bank Dunia ; - ; - ;" dalam proses
(penyusunan FS) "; belum ada keterangan ; - ; belum ada dokumen R/C ;;0;0;0;0
;;;;;;;;;;7;Pemprov. Aceh;;; - ; 61.600.000 ; 106.510.000 ; 7.700.000 ; 175.810.000 ; 168.400.000 ;; - ; 61.600.000 ;; 61.600.000 ;;;;;;;;; 61.600.000 ; - ;;;;;;;;0;0;0;0
;;;;;;;;;;;A;Program Pembangunan Infrastruktur Ketenagalistrikan;; - ; 61.600.000 ; 106.510.000 ; 7.700.000 ; 175.810.000 ;;; - ; 61.600.000 ;; 61.600.000 ;;;;;;;;; 61.600.000 ; - ;;;;;;;;0;0;0;0
;;;;;;;;;;;;85;Development of Seulawah Agam Geothermal Working Area for 55 MW-Capacity Geothermal Power Plant in Aceh; - ; 61.600.000 ; 106.510.000 ; 7.700.000 ; 175.810.000 ;;; - ; 61.600.000 ; Belum Ada Indikasi ; 61.600.000 ; Jerman (KfW) ; Belum proses ;;;;;;"- Potensial ditunda
- Saat ini terdapat kegiatan yang penyusunan FS yang bersumber dari hibah"; 61.600.000 ; Jerman (KfW) ; - ; - ; belum ada keterangan ; belum ada keterangan ; - ; belum ada dokumen R/C ;;0;0;0;0
;;;;;;;;;;8;Pemprov. Lampung;;; - ; 225.000.000 ; - ; - ; 225.000.000 ;;; - ; 225.000.000 ;; 225.000.000 ;;;;;;;;; 225.000.000 ; - ;;;;;;;;0;0;0;0
;;;;;;;;;;;A;Program Pengembangan dan Peningkatan Jalan Subnasional;; - ; 225.000.000 ; - ; - ; 225.000.000 ;;; - ; 225.000.000 ;; 225.000.000 ;;;;;;;;; 225.000.000 ; - ;;;;;;;;0;0;0;0
;;;;;;;;;;;;86;Development and Improvement of Lampung Provincial Roads Project; - ; 225.000.000 ; - ; - ; 225.000.000 ;;; - ; 225.000.000 ; Belum Ada Indikasi ; 225.000.000 ; Belum Ada Indikasi ; Belum proses ;;;;;;; 225.000.000 ; Belum Ada Indikasi ; - ; - ; belum ada keterangan ; belum ada keterangan ; - ; belum ada dokumen R/C ;;0;0;225000000;0
;;;;;;;;;;9;PT. Sarana Multi Infrastruktur (PT. SMI);;;#REF!;#REF!; - ;#REF!;#REF!;;;#REF!;#REF!;; 600.000.000 ;;;;;;;;;#REF!; - ;;;;;;;;0;0;0;0
;;;;;;;;;;;A;Program Pembiayaan Pembangunan Infrastruktur ;;#REF!;#REF!; - ;#REF!;#REF!;;;#REF!;#REF!;; 600.000.000 ;;;;;;;;;#REF!; - ;;;;;;;;0;0;0;0
;;;;;;;;;;;;87;Increasing PT Indonesia Infrastructure Finance Financing Capacity in Accelerating Infrastructure Development in Indonesia; - ; 300.000.000 ; - ; - ; 300.000.000 ;;; - ; 300.000.000 ; Belum Ada Indikasi ; 200.000.000 ; Bank Dunia ;"- GB 2017
- DK tanggal 31 Juli 2017
- Sudah LA Februari 2017 ";;;;;; Co-financing dengan ADB USD 100 juta ditunda (Maret 2017) ; 200.000.000 ; Bank Dunia ; co-financing dengan ADB (USD 100 juta) ; Rev. 2016 ; siap ; siap ; - ; - ;;0;0;0;0
;;;;;;;;;;;;;;;;;;;;;;;; 100.000.000 ; ADB ; Belum proses ;;;;;;"- Terdapat dalam dokumen COBP
- Co-financing dengan Bank Dunia USD 200 juta
- Direncanakan masuk GB 2019"; 100.000.000 ; ADB ; co-financing dengan Bank Dunia (USD 200 juta) ; Rev. 2016 ; siap ; siap ; - ; - ;;0;0;0;0
;;;;;;;;;;;;88;Financial Regional Infrastructure Projects through Regional Infrastructure Development Fund (RIDF); - ; 500.000.000 ;;;;;;;;; 300.000.000 ; Belum Ada Indikasi ; Belum proses ;;;;;;; 300.000.000 ; Belum Ada Indikasi ; co-financing dengan Bank Dunia (USD 100 juta) dan AIIB (USD 100 juta) ; - ; belum ada keterangan ; belum ada keterangan ; - ; - ;;0;0;300000000;0
;;;;;;;;;II;NON-INFRASTRUKTUR;;;;#REF!;#REF!; 475.459.100 ; 2.660.000 ; 5.811.862.800 ;;;#REF!;#REF!; - ; 5.449.739.100 ;;;;;;;;;#REF!; - ; - ;;;;;;;0;0;0;0
;;;;;;;;;;10;Kementerian Riset, Teknologi, dan Pendidikan Tinggi;;; 113.538.000 ; 350.397.600 ; 38.932.400 ; - ; 389.330.000 ;;; 113.538.000 ; 236.859.600 ; - ; 350.397.600 ;;;;;;;;; 350.397.600 ; - ;;;;;;;;0;0;0;0
;;;;;;;;;;;A;Program Peningkatan Akses, Kualitas, Relevansi, dan Daya Saing Pendidikan Tinggi ;; 113.538.000 ; 350.397.600 ; 38.932.400 ; - ; 389.330.000 ;;; 113.538.000 ; 236.859.600 ;; 350.397.600 ;;;;;;;;; 350.397.600 ; - ;;;;;;;;0;0;0;0
118;0;NON-INFRASTRUKTUR;8;Kementerian Riset, Teknologi, dan Pendidikan Tinggi;Improving Access, Quality, Relevance, and Competitiveness of Higher Education Program;A;Program Peningkatan Akses, Kualitas, Relevansi, dan Daya Saing Pendidikan Tinggi ;1;;;;89;The Plan of Hasanuddin University Hospital Development; 31.565.800 ; 31.565.800 ; 2.586.200 ; - ; 34.152.000 ;;Jerman (KfW); 31.565.800 ; - ; Jerman (KfW) ; 31.520.000 ; Jerman (KfW) ;"- GB 2017 (USD 31,52 juta)
- DK tanggal 31 Juli 2017";;;;;; Direncanakan signing 2017 ; 31.565.800 ; Jerman (KfW) ; - ;2016; siap ; siap ; - ; - ;;0;0;0;0
;;;;;;;;;;;;;;;;;;;;;;;; 45.800 ; Belum Ada Indikasi ;Belum proses;;;;;;;;;;;;;;;;;;;
119;0;NON-INFRASTRUKTUR;8;Kementerian Riset, Teknologi, dan Pendidikan Tinggi;Improving Access, Quality, Relevance, and Competitiveness of Higher Education Program;A;Program Peningkatan Akses, Kualitas, Relevansi, dan Daya Saing Pendidikan Tinggi ;1;;;;;Establishment of University of Bengkulus Hospital; 10.278.200 ; 10.278.200 ; 182.000 ; - ; 10.460.200 ;;JICA; 10.278.200 ; - ; JICA ; 10.278.200 ; SFD ; Sudah terdapat RC ;;;;;;; 10.278.200 ; JICA ; - ; - ; siap ; siap ; - ; penyiapan dokumen R/C ;;0;0;0;0
120;0;NON-INFRASTRUKTUR;8;Kementerian Riset, Teknologi, dan Pendidikan Tinggi;Improving Access, Quality, Relevance, and Competitiveness of Higher Education Program;A;Program Peningkatan Akses, Kualitas, Relevansi, dan Daya Saing Pendidikan Tinggi ;1;;;;;University of Gadjah Mada Achieving World Class University with Socio-Entrepreneurial Spirit; 71.694.000 ; 71.694.000 ; 7.041.900 ; - ; 78.735.900 ;;JICA; 71.694.000 ; - ; JICA ; 71.694.000 ; JICA ;"- GB 2017
- DK tanggal 31 Juli 2017
- Sudah LA November 2017";;;;;; Diperlukan konfirmasi dengan Dit. Bila ; 71.694.000 ; JICA ; - ;2016; siap ; siap ; - ; - ;;0;71694000;0;0
;;;;;;;;;;;;;Capacity Building Programmes for Infrastructure in Malikussaleh University; - ; 48.543.100 ; 6.552.200 ; - ; 55.095.300 ; Pembulatan nilai pinjaman semula USD 48.543.129 & pendamping USD 6.552.248 ;; - ; 48.543.100 ; Belum Ada Indikasi ; 48.543.100 ; ADB ; Sudah terdapat RC ;;;;;; Terdapat dalam dokumen COBP ; 48.543.100 ; Belum Ada Indikasi ; - ; - ; belum ada keterangan ; belum ada keterangan ; - ; belum ada dokumen R/C ;;0;0;0;0
;;;;;;;;;;;;;Development and Upgrading of University of Jambi; - ; 53.879.300 ; 4.967.200 ; - ; 58.846.500 ; Pembulatan nilai pinjaman semula USD 53.879.332 & pendamping USD 4.967.162 ;; - ; 53.879.300 ; Belum Ada Indikasi ; 53.879.300 ; ADB ; Sudah terdapat RC ;;;;;; Terdapat dalam dokumen COBP ; 53.879.300 ; Belum Ada Indikasi ; - ; - ; belum ada keterangan ; belum ada keterangan ; - ; belum ada dokumen R/C ;;0;0;0;0
;;;;;;;;;;;;;Development and Upgrading of the State University of Jakarta - Phase 2; - ; 32.709.400 ; 5.567.500 ; - ; 38.276.900 ; Pembulatan nilai pinjaman semula USD 32.709.452 & pendamping USD 5.567.540 ;; - ; 32.709.400 ; Belum Ada Indikasi ; 32.709.400 ; SFD ; Sudah terdapat RC ;;;;;;; 32.709.400 ; Belum Ada Indikasi ; - ; - ; belum ada keterangan ; belum ada keterangan ; - ; belum ada dokumen R/C ;;0;0;0;0
;;;;;;;;;;;;;Integrated Multi Campus-University for Tomorrows Education in Indonesia University of Education ; - ; 51.777.700 ; 6.994.700 ; - ; 58.772.400 ; Pembulatan nilai pinjaman semula USD 51.777.778 & pendamping USD 6.994.667 ;; - ; 51.777.700 ; Belum Ada Indikasi ; 51.777.700 ; ADB ; Sudah terdapat RC ;;;;;; Terdapat dalam dokumen COBP ; 51.777.700 ; Belum Ada Indikasi ; - ; - ; belum ada keterangan ; belum ada keterangan ; - ; belum ada dokumen R/C ;;0;0;0;0
;;;;;;;;;;;;;Higher Education Quality Improvement of the University of Riau ; - ; 49.950.100 ; 5.040.700 ; - ; 54.990.800 ; Pembulatan nilai pinjaman semula USD 49.950.103 & pendamping USD 5.040.713 ;; - ; 49.950.100 ; Belum Ada Indikasi ; 49.950.100 ; ADB ; Sudah terdapat RC ;;;;;; Terdapat dalam dokumen COBP ; 49.950.100 ; Belum Ada Indikasi ; - ; - ; belum ada keterangan ; belum ada keterangan ; - ; belum ada dokumen R/C ;;0;0;0;0
;;;;;;;;;;11;Kementerian Agama;;; 238.210.000 ; 298.145.500 ; 60.851.400 ; - ; 358.996.900 ;;; 238.210.000 ; 59.935.500 ;; 414.140.900 ;;;;;;;;; 298.145.500 ; - ;;;;;;;;0;0;0;0
;;;;;;;;;;;A;Program Peningkatan Akses, Kualitas, Relevansi, dan Daya Saing Pendidikan Tinggi Islam;; 238.210.000 ; 298.145.500 ; 60.851.400 ; - ; 358.996.900 ;;; 238.210.000 ; 59.935.500 ;; 414.140.900 ;;;;;;;;; 298.145.500 ; - ;;;;;;;;0;0;0;0
124;0;NON-INFRASTRUKTUR;9;Kementerian Agama;Improving Access, Quality, Relevance, and Competitiveness of Islamic Higher Education Program;A;Program Peningkatan Akses, Kualitas, Relevansi, dan Daya Saing Pendidikan Tinggi Islam;1;;;;90;Improvement and Optimalization of Sunan Ampel Surabaya State Islamic University; 40.000.000 ; 40.000.000 ; 10.000.000 ; - ; 50.000.000 ;;IDB; 40.000.000 ; - ; IDB ; 40.000.000 ; IDB ; GB 2017 ;;;;;;; 40.000.000 ; IDB ; - ;2016; siap ; siap ; - ; - ;;0;0;0;0
125;0;NON-INFRASTRUKTUR;9;Kementerian Agama;Improving Access, Quality, Relevance, and Competitiveness of Islamic Higher Education Program;A;Program Peningkatan Akses, Kualitas, Relevansi, dan Daya Saing Pendidikan Tinggi Islam;1;;;;;Improvement Access and Quality of State Islamic Institute  Suthan Maulana Hasanuddin Banten; 40.000.000 ; 40.000.000 ; 5.985.000 ; - ; 45.985.000 ;;IDB; 40.000.000 ; - ; IDB ; 40.000.000 ; IDB ; GB 2017 ;;;;;;; 40.000.000 ; IDB ; - ;2016; siap ; siap ; - ; - ; 238.000.000 ;0;0;0;0
126;0;NON-INFRASTRUKTUR;9;Kementerian Agama;Improving Access, Quality, Relevance, and Competitiveness of Islamic Higher Education Program;A;Program Peningkatan Akses, Kualitas, Relevansi, dan Daya Saing Pendidikan Tinggi Islam;1;;;;;Development and Quality Improvement  of Antasari State Islamic Institute ; 39.908.600 ; 39.908.600 ; 10.290.700 ; - ; 50.199.300 ;;IDB; 39.900.000 ; - ; IDB ; 39.800.000 ; IDB ; GB 2017 (USD 39.800.000) ;;;;;;; 39.900.000 ; IDB ; - ;2016; siap ; siap ; - ; - ; 238.000.000 ;0;0;0;0
;;;;;;;;;;;;;;;;;;;;;;;; 100.000 ; Belum Ada Indikasi ; Belum proses ;;;;;; sisa nilai proyek karena ada perubahan dari BB ke GB ;;;;;;;;;;;;;
127;0;NON-INFRASTRUKTUR;z;Kementerian Agama;Improving Access, Quality, Relevance, and Competitiveness of Islamic Higher Education Program;A;Program Peningkatan Akses, Kualitas, Relevansi, dan Daya Saing Pendidikan Tinggi Islam;1;;;;;Tranformation of State Islamic Institute  Sulthan Thaha Saifuddin to State Islamic University ; 40.000.000 ; 40.000.000 ; 10.000.000 ; - ; 50.000.000 ;;IDB; 40.000.000 ; - ; IDB ; 40.000.000 ; IDB ; GB 2017 ;;;;;;; 40.000.000 ; IDB ; - ;2016; siap ; siap ; - ; - ;;0;0;0;0
128;0;NON-INFRASTRUKTUR;9;Kementerian Agama;Improving Access, Quality, Relevance, and Competitiveness of Islamic Higher Education Program;A;Program Peningkatan Akses, Kualitas, Relevansi, dan Daya Saing Pendidikan Tinggi Islam;1;;;;;Development and Institutional Transformation of State Islamic Institute  Raden Intan Lampung; 40.000.000 ; 40.000.000 ; 10.000.000 ; - ; 50.000.000 ;;IDB; 40.000.000 ; - ; IDB ; 40.000.000 ; IDB ; GB 2017 ;;;;;;; 40.000.000 ; IDB ; - ;2016; siap ; siap ; - ; - ;;0;0;0;0
123;0;NON-INFRASTRUKTUR;9;Kementerian Agama;Improving Access, Quality, Relevance, and Competitiveness of Islamic Higher Education Program;A;Program Peningkatan Akses, Kualitas, Relevansi, dan Daya Saing Pendidikan Tinggi Islam;1;;;;;Development of Imam Bonjol State Islamic Institute Project ; 38.301.400 ; 38.301.400 ; 4.171.400 ; - ; 42.472.800 ;;IDB; 38.310.000 ; - ; IDB ; 38.200.000 ; IDB ; GB 2017 (USD 38.200.000) ;;;;;;; 38.310.000 ; IDB ; - ;2016; siap ; siap ; - ; - ;;0;0;0;0
;;;;;;;;;;;;;;;;;;;;;;;; 110.000 ; Belum Ada Indikasi ; Belum proses ;;;;;; sisa nilai proyek karena ada perubahan dari BB ke GB ;;;;;;;;;;;;;
;;;;;;;;;;;;;The Development of UIN Maulana Malik Ibrahim Malang - Phase II; - ; 59.935.500 ; 10.404.300 ; - ; 70.339.800 ; Pembulatan nilai pinjaman semula USD 59.935.474 & pendamping USD 10.404.289 ;; - ; 59.935.500 ; Belum Ada Indikasi ; 59.935.500 ; SFD ; Belum proses ;;;;;;; 59.935.500 ; Belum Ada Indikasi ; - ; - ; belum ada keterangan ; belum ada keterangan ; - ; - ;;0;0;0;0
;;;;;;;;;;;;;The Development of Ar-Raniry State Islamic University (UIN Ar-Raniry) Phase II Project in Aceh;;;;;;;;;;; 41.328.200 ; Belum Ada Indikasi ; Belum proses ;;;;;;;; Belum Ada Indikasi ;;;;;;;;0;0;41328200;0
;;;;;;;;;;;;;The Development and Upgrading of State Islamic University Sunan Gunung Djati, Bandung, Phase 2 Project;;;;;;;;;;; 33.442.700 ; Belum Ada Indikasi ; Belum proses ;;;;;;;; Belum Ada Indikasi ;;;;;;;;0;0;33442700;0
;;;;;;;;;;;;;The Development of Faculty of Medicine - Health Sciences and Post Graduates of The Islamic State University of Alaudin, Makassar Project;;;;;;;;;;; 41.224.500 ; Belum Ada Indikasi ; Belum proses ;;;;;;;; Belum Ada Indikasi ;;;;;;;;0;0;41224500;0
;;;;;;;;;;12;Kementerian PPN/Bappenas;;; 300.000.000 ; 325.000.000 ; - ; - ; 325.000.000 ;;; 300.000.000 ; - ;; 325.000.000 ;;;;;;;;; 300.000.000 ; - ;;;;;;;;0;0;0;0
;;;;;;;;;;;A;Program Pengembangan Sumber Daya Aparatur  dalam Rangka Reformasi Birokrasi;; 300.000.000 ; 300.000.000 ; - ; - ; 300.000.000 ;;; 300.000.000 ; - ;; 300.000.000 ;;;;;;;;; 300.000.000 ; - ;;;;;;;;0;0;0;0
129;0;NON-INFRASTRUKTUR;10;Kementerian PPN/Bappenas;Human Resources Development for Bureaucracy Reform Program;A;Program Pengembangan Sumber Daya Aparatur  dalam Rangka Reformasi Birokrasi;1;;;;91;Development of Capacity, Quality, and Competency of Human Resources for Government Officer; 300.000.000 ; 300.000.000 ; - ; - ; 300.000.000 ;;Bank Dunia; 300.000.000 ;; Bank Dunia ; 150.000.000 ; Bank Dunia ; GB 2017 (USD 150 juta) ;;;;;;; 300.000.000 ; Bank Dunia ; - ; - ;" dalam proses
(penyusunan FS) "; tidak butuh lahan ; - ; belum ada dokumen R/C ;;0;0;0;0
;;;;;;;;;;;;;;;;;;;;;;;; 150.000.000 ; Belum Ada Indikasi ; Belum proses ;;;;;;;;;;;;;;;;0;0;150000000;0
;;;;;;;;;;;B;Program Penguatan Sektor Keuangan ;; - ; 25.000.000 ; - ; - ; 25.000.000 ;;; - ; - ;; 25.000.000 ;;;;;;;;; - ; - ;;;;;;;;0;0;0;0
;;;;;;;;;;;;92;Promoting Sharia Finance in Indonesia through Technical Assistance and Financial Support for the National Committee on Sharia Finance; - ; 25.000.000 ;;;;;;;;; 25.000.000 ; IDB ; Belum proses ;;;;;; Belum terdapat dalam dokumen MCPS ;; IDB ;;;;;;;;0;0;0;0
;;;;;;;;;;13;Kementerian Kesehatan;;; 1.746.000.000 ; 1.746.000.000 ; 174.600.000 ; - ; 1.920.600.000 ;;; 990.400.000 ; 755.600.000 ; - ; 1.746.000.000 ;;;;;;;;; 1.746.000.000 ; - ;;;;;;;;0;0;0;0
;;;;;;;;;;;A;Program Pelayanan Kesehatan Dasar;; 150.000.000 ; 150.000.000 ; 15.000.000 ; - ; 165.000.000 ;;; 150.000.000 ; - ;; 150.000.000 ;;;;;;;;; 150.000.000 ; - ;;;;;;;;0;0;0;0
130;0;NON-INFRASTRUKTUR;11;Kementerian Kesehatan;Basic Health Care Program;A;Program Pelayanan Kesehatan Dasar;1;;;;93;Improvement of Primary Health Care; 150.000.000 ; 150.000.000 ; 15.000.000 ; - ; 165.000.000 ;;Bank Dunia; 150.000.000 ;; Bank Dunia ; 150.000.000 ; Bank Dunia ; GB 2017 (USD 150 juta) ;;;;;;" - Kem. Kesehatan mengusulkan kegiatan I-SPHERE yang merupakan penggabungan ruang lingkup dari 2 program (USD 150 juta) yaitu
1. Basic Health Care Program
2. Health Services Referral Program
-Menggunakan skema pembiayaan PforR (Program for Result) "; 150.000.000 ; Bank Dunia ; - ; - ; belum ada keterangan ; tidak butuh lahan ; - ; belum ada dokumen R/C ;;0;0;0;0
;;;;;;;;;;;B;Program Pengembangan Sumber Daya Manusia Kesehatan;; 240.000.000 ; 240.000.000 ; 24.000.000 ; - ; 264.000.000 ;;; 240.000.000 ; - ;; 240.000.000 ;;;;;;;;; 240.000.000 ; - ;;;;;;;;0;0;0;0
131;0;NON-INFRASTRUKTUR;11;Kementerian Kesehatan;Program for Human Resources Development in Health Sector;B;Program Pengembangan Sumber Daya Manusia Kesehatan;1;;;;94;Improvement of Facilities and Infrastructure forTeaching and Learning Activities in Health Sector; 240.000.000 ; 240.000.000 ; 24.000.000 ; - ; 264.000.000 ;;IDB; 240.000.000 ; - ; IDB ; 240.000.000 ; IDB ; Proses penyusunan FS ;;;;;; Terdapat perubahan institusi pelaksana menjadi Biro Perencanaan Kemenkes. (Sebelumnya BPPSDMK, untuk mempercepat proses sehingga diubah.) ; 240.000.000 ; IDB ; - ; - ;" dalam proses
(memiliki FS dan DED) "; siap ; - ; penyiapan dokumen R/C ;;0;0;0;0
;;;;;;;;;;;C;Program Pengendalian Penyakit, Penyehatan Lingkungan, dan Penguatan Litbang Kesehatan;; 100.400.000 ; 100.400.000 ; 10.040.000 ; - ; 110.440.000 ;;; 100.400.000 ; - ;; 100.400.000 ;;;;;;;;; 100.400.000 ; - ;;;;;;;;0;0;0;0
132;0;NON-INFRASTRUKTUR;11;Kementerian Kesehatan;Program for Disease Control, Environmental Health, and Strengthening Health Research and Development;C;Program Pengendalian Penyakit, Penyehatan Lingkungan, dan Penguatan Litbang Kesehatan;1;;;;95;Improvement of Capacity on Disease Control, Environmental Health, and Strengthening Healths Research and Development; 100.400.000 ; 100.400.000 ; 10.040.000 ; - ; 110.440.000 ;;Jerman (KfW); 100.400.000 ; - ; Jerman (KfW) ; 100.400.000 ; Belum Ada Indikasi ; Belum proses ;;;;;;; 100.400.000 ; Jerman (KfW) ; - ; - ;" dalam proses
(memiliki) ";" dalam proses
(pelaksanaan) "; - ;" - tidak diketahui berapa persen proses pelaksanaannya
- penyiapan dokumen R/C ";;0;0;100400000;0
;;;;;;;;;;;D;Program Pelayanan Kesehatan Rujukan;; 1.255.600.000 ; 1.255.600.000 ; 125.560.000 ; - ; 1.381.160.000 ;;; 500.000.000 ; 755.600.000 ;; 1.255.600.000 ;;;;;;;;; 1.255.600.000 ; - ; 1.362.400.000 ;;;;;;;0;0;0;0
133;0;NON-INFRASTRUKTUR;11;Kementerian Kesehatan;Referral Health Services Program;D;Program Pelayanan Kesehatan Rujukan;1;;;;96;Strengthening of National Referral Hospitals, Province Referral Hospital and Vertical Technical Units; 1.255.600.000 ; 1.255.600.000 ; 125.560.000 ; - ; 1.381.160.000 ;;IDB; 250.000.000 ;; IDB ; 250.000.000 ; IDB ; Belum proses ;;;;;; Terdapat dalam dokumen MCPS ; 250.000.000 ; IDB ; co-financing dengan Jerman (KfW) (USD 250 juta) dan belum ada indikasi (USD 755,6 juta) ; - ; belum ada keterangan ; belum ada keterangan ; - ; belum ada dokumen R/C ;;0;0;0;0
134;0;NON-INFRASTRUKTUR;11;Kementerian Kesehatan;Referral Health Services Program;D;Program Pelayanan Kesehatan Rujukan;1;;;;;;;;;;;;Jerman (KfW); 250.000.000 ;; Jerman (KfW) ; 250.000.000 ; IDB ; Belum proses ;;;;;;; 250.000.000 ; Jerman (KfW) ; co-financing dengan IDB (USD 250 juta) dan belum ada indikasi (USD 755,6 juta) ; - ;;; - ;;;0;0;0;0
135;0;NON-INFRASTRUKTUR;11;Kementerian Kesehatan;Referral Health Services Program;D;Program Pelayanan Kesehatan Rujukan;1;;;;;;;;;;;;Belum Ada Indikasi; - ; 755.600.000 ; Belum Ada Indikasi ; 755.600.000 ; IDB ; Belum proses ;;;;;;" - Kem. Kesehatan mengusulkan kegiatan I-SPHERE yang merupakan penggabungan ruang lingkup dari 2 program (USD 150 juta) yaitu
1. Basic Health Care Program
2. Health Services Referral Program
-Menggunakan skema pembiayaan PforR (Program for Result) "; 755.600.000 ; Belum Ada Indikasi ; co-financing dengan IDB (USD 250 juta) dan Jerman (KfW) (USD 250 juta) ; - ;;; - ;;;0;0;0;0
;;;;;;;;;;14;Pemprov. Aceh;;; 106.800.000 ; 106.800.000 ; 10.700.000 ; - ; 117.500.000 ;;; 106.800.000 ; - ; - ; 106.800.000 ;;;;;;;;; 106.800.000 ; - ;;;;;;;;0;0;0;0
;;;;;;;;;;;A;Program Pelayanan Kesehatan Rujukan;; 106.800.000 ; 106.800.000 ; 10.700.000 ; - ; 117.500.000 ;;; 106.800.000 ; - ;; 106.800.000 ;;;;;;;;; 106.800.000 ; - ;;;;;;;;0;0;0;0
136;0;NON-INFRASTRUKTUR;12;Pemprov. Aceh;Health Services Referral Program;A;Program Pelayanan Kesehatan Rujukan;1;;;;97;Reengineering and Improving The Hospital and Referral System in Selected Aceh Districts; 106.800.000 ; 106.800.000 ; 10.700.000 ; - ; 117.500.000 ;;Jerman (KfW); 106.800.000 ; - ; Jerman (KfW) ; 106.800.000 ; Belum Ada Indikasi ; Belum proses ;;;;;;; 106.800.000 ; Jerman (KfW) ; - ;" 2016; 2015 ";" dalam proses
(memiliki FS dan DED) "; siap ; - ; - ;;0;0;106800000;0
;;;;;;;;;;15;Kementerian Pertanian;;; 1.445.742.600 ; 1.445.742.600 ; 154.464.300 ; 500.000 ; 1.600.706.900 ;;;#REF!;#REF!;; 1.445.742.600 ;;;;;;;;;#REF!; - ;;;;;;;;0;0;0;0
;;;;;;;;;;;A;Program Penyediaan dan Pengembangan Prasarana dan Sarana Pertanian;; 1.346.842.600 ; 1.346.842.600 ; 134.684.300 ; - ; 1.481.526.900 ;;;#REF!;#REF!;; 1.346.842.600 ;;;;;;;;;#REF!; - ;;;;;;;;0;0;0;0
;;;;;;;;;;;;98;Extensification of New Paddy Field Area; 811.166.600 ; 811.166.600 ; 81.116.700 ; - ; 892.283.300 ;; Bank Dunia ; 225.000.000 ; - ; Bank Dunia ; 686.166.600 ; SFD ; Proses penyusunan RC/FS ;;;;;;  Co-financing sebagian dengan IDB (USD 125 juta) ; 225.000.000 ; Belum Ada Indikasi ;" - co-financing dengan IDB (USD 125 juta) dan belum ada indikasi (USD 686,2 juta)
- Bank Dunia tidak berminat mendanai kegiatan ini.  "; - ;" dalam proses
(penyusunan FS) "; belum ada keterangan ; - ; belum ada dokumen R/C ;;0;0;0;0
;;;;;;;;;;;;;;;;;;;; IDB ; 125.000.000 ; - ; IDB ; 125.000.000 ; IDB ; Proses penyusunan RC/FS ;;;;;; Co-financing sebagian dengan SFD (USD 686,2 juta) ; 125.000.000 ; IDB ;" terdapat sisa pendanaan yang belum ada indikasi lender (USD 686,2 juta)
 "; - ;;; - ;;;0;0;0;0
140;0;NON-INFRASTRUKTUR;13;Kementerian Pertanian;Provision and Development of Agriculture Infrastructure Program;A;Program Penyediaan dan Pengembangan Prasarana dan Sarana Pertanian;2;;;;99;Upland Development for National Food Security; 535.676.000 ; 535.676.000 ; 53.567.600 ; - ; 589.243.600 ;;Bank Dunia; 125.000.000 ; - ; Bank Dunia ; 410.676.000 ; SFD ; Proses penyusunan RC/FS ;;;;;; Co-financing dengan IDB (USD 125 juta) ; 125.000.000 ; Belum Ada Indikasi ;" - co-financing dengan IDB (USD 125 juta) dan belum ada indikasi (USD 410,7 juta)
Bank Dunia tidak berminat mendanai kegiatan ini.  "; - ;" dalam proses
(penyusunan FS) "; belum ada keterangan ; - ; belum ada dokumen R/C ;;0;0;0;0
141;0;NON-INFRASTRUKTUR;13;Kementerian Pertanian;Provision and Development of Agriculture Infrastructure Program;A;Program Penyediaan dan Pengembangan Prasarana dan Sarana Pertanian;2;;;;;;;;;;;;IDB; 125.000.000 ; - ; IDB ; 125.000.000 ; IDB ; Proses penyusunan RC/FS ;;;;;; Co-financing dengan SFD (USD 410,7 juta) ; 125.000.000 ; IDB ;" terdapat sisa pendanaan yang belum ada indikasi lender (USD 410,7 juta)
 "; - ;;; - ;;99400000;0;0;0;0
;;;;;;;;;;;B;Program Peningkatan Penyuluhan, Pendidikan, dan Pelatihan Pertanian;; 98.900.000 ; 98.900.000 ; 19.780.000 ; 500.000 ; 119.180.000 ;;; 98.900.000 ; - ;; 98.900.000 ;;;;;;;;; 98.900.000 ; - ;;;;;;;;0;0;0;0
143;0;NON-INFRASTRUKTUR;13;Kementerian Pertanian;Agriculture Extention, Education, and Training Improvement Program;B;Program Peningkatan Penyuluhan, Pendidikan, dan Pelatihan Pertanian;1;;;;100;Young Enterpreneur Growth and Development for Sustainable Agricultural Development; 68.900.000 ; 68.900.000 ; 13.780.000 ; - ; 82.680.000 ;;IFAD; 68.900.000 ; - ; IFAD ; 68.900.000 ; IFAD ; Proses penyusunan RC ;;;;;; Dalam tahapan Design Mission / Project Identifcation ; 68.900.000 ; IFAD ; - ; - ; belum ada keterangan ; belum ada keterangan ; - ; belum ada dokumen R/C ;;0;0;0;0
144;0;NON-INFRASTRUKTUR;13;Kementerian Pertanian;Agriculture Extention, Education, and Training Improvement Program;B;Program Peningkatan Penyuluhan, Pendidikan, dan Pelatihan Pertanian;2;;;;101;Rural Empowerment and Agricultural Development (READ) Programme in Sulawesi Island  Phase II; 30.000.000 ; 30.000.000 ; 6.000.000 ; 500.000 ; 36.500.000 ;;IFAD; 30.000.000 ; - ; IFAD ; 30.000.000 ; IFAD ;"- GB 2017 (USD 39,8 juta)
- Proses Daftar Kegiatan";;;;;;" -Terdapat pergantian nama menjadi Rural Empowerment and Agricultural Development (READ) Programme 
 Phase II karena dilakukan tidak di Sulawesi
- Kekurangan USD 9,8 juta mengambil alokasi dari pinjaman kegiatan YESS "; 30.000.000 ; IFAD ; - ; - ; belum ada keterangan ; belum ada keterangan ; - ; belum ada dokumen R/C ;;0;0;0;0
;;;;;;;;;;16;Kementerian Ketenagakerjaan;;; 92.308.000 ; 92.308.000 ; 2.500.000 ; - ; 94.808.000 ;; - ; 92.308.000 ; - ;; 92.308.000 ;;;;;;;;; 92.308.000 ; - ;;;;;;;;0;0;0;0
;;;;;;;;;;;A;Program Peningkatan Daya Saing Tenaga Kerja;; 92.308.000 ; 92.308.000 ; 2.500.000 ; - ; 94.808.000 ;; - ; 92.308.000 ; - ;; 92.308.000 ;;;;;;;;; 92.308.000 ; - ;;;;;;;;0;0;0;0
145;0;NON-INFRASTRUKTUR;14;Kementerian Ketenagakerjaan;Improving Labor Competitiveness Program;A;Program Peningkatan Daya Saing Tenaga Kerja;1;;;;102;Development of Maritime Vocational Training Centers; 92.308.000 ; 92.308.000 ; 2.500.000 ; - ; 94.808.000 ;;Austria/ JICA/ Singapura; 92.308.000 ; - ; Austria/ JICA/ Singapura ; 92.308.000 ; Austria/ Jerman (KfW) ; Belum proses ;;;;;;"- Terdapat 2 lender yang berminat
- Austria sudak melakukan cek lokasi
- Belum ada rekonfirm dari Kem. Ketenagakerjaan"; 92.308.000 ; Austria/ JICA/ Singapura ; belum ada konfirmasi lender yang berminat ; - ; belum ada keterangan ; belum ada keterangan ; - ; belum ada dokumen R/C ;;0;0;0;0
;;;;;;;;;;17;Kementerian Kelautan dan Perikanan;;; 107.000.000 ; 107.000.000 ; 4.261.000 ; 2.160.000 ; 113.421.000 ;;; - ; 107.000.000 ;; 107.000.000 ;;;;;;;;; 107.000.000 ; - ;;;;;;;;0;0;0;0
;;;;;;;;;;;A;Program Peningkatan Fasilitas Perikanan;; 107.000.000 ; 107.000.000 ; 4.261.000 ; 2.160.000 ; 113.421.000 ;;; - ; 107.000.000 ;; 107.000.000 ;;;;;;;;; 107.000.000 ; - ;;;;;;;;0;0;0;0
146;0;NON-INFRASTRUKTUR;15;Kementerian Kelautan dan Perikanan;Improvement of Fisheries Facilities Program;A;Program Peningkatan Fasilitas Perikanan;1;;;;103;Outer Ring Fishing Ports Development - Phase I ; 107.000.000 ; 107.000.000 ; 4.261.000 ; 2.160.000 ; 113.421.000 ;;-; - ; 107.000.000 ; - ; 107.000.000 ; Belum Ada Indikasi ; Belum proses ;;;;;;; 107.000.000 ; Belum Ada Indikasi ;Dibatalkan oleh KKP; - ;" dalam proses
(memiliki FS) "; belum ada keterangan ; - ; Dibatalkan oleh KKP ;;0;0;107000000;0
;;;;;;;;;;18;Kementerian Pertahanan;;; - ; 290.000.000 ; - ; - ; 290.000.000 ;;; - ; 290.000.000 ;; 290.000.000 ;;;;;;;;; 290.000.000 ; - ;;;;;;;;0;0;0;0
;;;;;;;;;;;A;Program Pembangunan Rumah Sakit Militer ;; - ; 290.000.000 ; - ; - ; 290.000.000 ;;; - ; 290.000.000 ;; 290.000.000 ;;;;;;;;; 290.000.000 ; - ;;;;;;;;0;0;0;0
;;;;;;;;;;;;104;Upgrading Medical Equipments for Army Hospital of Gatot Subroto; - ; 150.000.000 ; - ; - ; 150.000.000 ;;; - ; 150.000.000 ; Belum Ada Indikasi ; 150.000.000 ; Austria ; Belum proses ;;;;;;; 150.000.000 ; Austria ; - ; - ;" dalam proses
(penyusunan FS) "; belum ada keterangan ; - ; penyiapan dokumen R/C ;;0;0;0;0
;;;;;;;;;;;;105;Upgrading Medical Equipments for Army Hospitals; - ; 55.000.000 ; - ; - ; 55.000.000 ;;; - ; 55.000.000 ; Belum Ada Indikasi ; 30.000.000 ; Austria ; GB 2017 ( terdapat 3 kegiatan x USD 10 juta) ;;;;;; RS. PELAMONIA, RS. Putri Hijau, RS. Udayana ; 55.000.000 ; Austria ; - ; - ;" dalam proses
(penyusunan FS) "; belum ada keterangan ; - ; penyiapan dokumen R/C ;;0;0;0;0
;;;;;;;;;;;;;;;;;;;;;;;; 25.000.000 ; Belum Ada Indikasi ; Belum proses ;;;;;;;;;;;;;;;;0;0;25000000;0
;;;;;;;;;;;;106;Upgrading Medical Equipments for Naval Hospitals; - ; 45.000.000 ; - ; - ; 45.000.000 ;;; - ; 45.000.000 ; Belum Ada Indikasi ; 15.000.000 ; Austria ; GB 2017 (USD 15 juta) ;;;;;; RS. Wahyu Slamet ; 45.000.000 ; Austria ; - ; - ;" dalam proses
(penyusunan FS) "; belum ada keterangan ; - ; penyiapan dokumen R/C ;;0;0;0;0
;;;;;;;;;;;;;;;;;;;;;;;; 30.000.000 ; Belum Ada Indikasi ; Belum proses ;;;;;;;;;;;;;;;;0;0;30000000;0
;;;;;;;;;;;;107;Upgrading Medical Equipments for Air Force Hospitals; - ; 40.000.000 ; - ; - ; 40.000.000 ;;; - ; 40.000.000 ; Belum Ada Indikasi ; 15.000.000 ; Austria ; GB 2017 (USD 15 juta) ;;;;;; RS. Dodi Sarjoto ; 40.000.000 ; Austria ; - ; - ;" dalam proses
(penyusunan FS) "; belum ada keterangan ; - ; penyiapan dokumen R/C ;;0;0;0;0
;;;;;;;;;;;;;;;;;;;;;;;; 25.000.000 ; Belum Ada Indikasi ; Belum proses ;;;;;;;;;;;;;;;;0;0;25000000;0
;;;;;;;;;;19;Badan Meteorologi, Klimatologi dan Geofisika (BMKG);;; 150.000.000 ; 150.000.000 ; 9.000.000 ; - ; 159.000.000 ;;; 150.000.000 ; - ;; 150.000.000 ;;;;;;;;; 150.000.000 ; - ;;;;;;;;0;0;0;0
;;;;;;;;;;;A; Program Pengembangan dan Pembinaan Meteorologi, Klimatologi, dan Geofisika ;; 150.000.000 ; 150.000.000 ; 9.000.000 ; - ; 159.000.000 ;;; 150.000.000 ; - ;; 150.000.000 ;;;;;;;;; 150.000.000 ; - ;;;;;;;;0;0;0;0
147;0;NON-INFRASTRUKTUR;16;Badan Meteorologi, Klimatologi dan Geofisika (BMKG);Program for Capacity Development and Guidance of Meteorology, Climatology, and Geophysics;A;Program Pengembangan dan Pembinaan Meteorologi, Klimatologi, dan Geofisika;1;;;;108;"Strengthening Climate and Weather Service Capacity  Phase II:
a) Kegiatan lanjutan dari kegiatan Strengthening BMKG Climate and Weather Services Capacity Phase I
b) Kegiatan pengembangan sistem Layanan Informasi Meteorologi Maritim "; 150.000.000 ; 150.000.000 ; 9.000.000 ; - ; 159.000.000 ;;US EXIM; 150.000.000 ; - ; US EXIM ; 78.900.000 ; Perancis  ; GB 2017 ;;;;;;Co-financing dengan Perancis (USD 78,9 juta) dan US Exim (USD 71,1 juta); 150.000.000 ; US EXIM ; - ; - ;" dalam proses
(penyusunan FS) "; siap ; - ; belum ada dokumen R/C ;;0;0;0;0
;;;;;;;;;;;;;;;;;;;;;;;; 71.100.000 ; US EXIM ;;;;;;;;;;;;;;;;;0;0;0;0
;;;;;;;;;;20;Badan Pengkajian dan Penerapan Teknologi (BPPT);;; 114.400.000 ; 114.400.000 ; 17.200.000 ; - ; 131.600.000 ;;; 114.400.000 ; - ;; 114.400.000 ;;;;;;;;; 114.400.000 ; - ;;;;;;;;0;0;0;0
;;;;;;;;;;;A;Program Pembangunan Science Park dan Technopark;; 114.400.000 ; 114.400.000 ; 17.200.000 ; - ; 131.600.000 ;;; 114.400.000 ; - ;; 114.400.000 ;;;;;;;;; 114.400.000 ; - ;;;;;;;;0;0;0;0
148;0;NON-INFRASTRUKTUR;17;Badan Pengkajian dan Penerapan Teknologi (BPPT);Science Park and Technopark Development Program;A;Program Pembangunan Science Park dan Technopark;1;;;;109;Development of Maritime National Science and Technology Park (NTSP) in the Northern Penajam Paser and Revitalization Infrastructure Marine Survey; 114.400.000 ; 114.400.000 ; 17.200.000 ; - ; 131.600.000 ;;Perancis (AFD)  ; 114.400.000 ; - ; Perancis (AFD)   ; 114.400.000 ; Perancis (AFD)   ; Proses penyiapan RC ;;;;;; Pembahasan scope kegiatan dengan K/L ; 114.400.000 ; Perancis (AFD)   ; - ; - ;" dalam proses
(penyusunan FS) ";" dalam proses
(pelaksanaan) "; - ;" - tidak diketahui berapa persen proses pelaksanaannya
- belum ada dokumen R/C ";;0;0;0;0
;;;;;;;;;;21;Kementerian ATR/BPN;;; - ; 200.000.000 ; - ; - ; 200.000.000 ;;; - ; 200.000.000 ;; 200.000.000 ;;;;;;;;; 200.000.000 ; - ;;;;;;;;0;0;0;0
;;;;;;;;;;;A;Program Implementasi Informasi Geospasial dan Infrastruktur Keagrariaan ;; - ; 200.000.000 ; - ; - ; 200.000.000 ;;; - ; 200.000.000 ;; 200.000.000 ;;;;;;;;; 200.000.000 ; - ;;;;;;;;0;0;0;0
;;;;;;;;;;;;110;Program to Accelerate Agrarian Reform ; - ; 200.000.000 ; - ; - ; 200.000.000 ;;; - ; 200.000.000 ; Belum Ada Indikasi ; 200.000.000 ; Bank Dunia ; Sudah ada RC (versi BIG) ;;;;;;" - Masuk dalam dokumen CPF
- Terdapat perubahan instansi pengusul yang sebelumnya Badan Informasi Geospasial (BIG) "; 200.000.000 ; Belum Ada Indikasi ; - ; - ; belum ada keterangan ; belum ada keterangan ; - ; belum ada dokumen R/C ;;0;0;0;0
;;;;;;;;;;22;Lembaga Ilmu Pengetahuan Indonesia (LIPI);;; - ; 107.950.000 ; 2.950.000 ; - ; 110.900.000 ;;; - ; 107.950.000 ;; 107.950.000 ;;;;;;;;; 107.950.000 ; - ;;;;;;;;0;0;0;0
;;;;;;;;;;;A;Program Pengembangan Penelitian Kelautan ;; - ; 107.950.000 ; 2.950.000 ; - ; 110.900.000 ;;; - ; 107.950.000 ;; 107.950.000 ;;;;;;;;; 107.950.000 ; - ;;;;;;; - ;0;0;0;0
;;;;;;;;;;;;111;Procurement Multi Purposes Research Vessel; - ; 107.950.000 ; 2.950.000 ; - ; 110.900.000 ;;; - ; 107.950.000 ; Belum Ada Indikasi ; 107.950.000 ; Belum Ada Indikasi ; Belum proses ;;;;;;; 107.950.000 ; Belum Ada Indikasi ; - ; - ; belum ada keterangan ; belum ada keterangan ; - ; belum ada dokumen R/C ;;0;0;107950000;0
;;;;;;;;;TOTAL;;;;;#REF!;#NAME?; 5.668.619.300 ;#REF!;#NAME?;;;#REF!;#REF!;; 40.136.461.100 ;;;;;;;;;#REF!; - ; - ;;;;;;; Rp1.302.266.900 ; Rp14.400.230.000 ; Rp5.671.404.520 ; Rp1.257.480.580 
;;;;;;;;;;;;;;;;;;;;;;;;;;;;;;;;;;;;;;;;;;;;;
;;;;;;;;;; ;;;;;;;;;;;#REF!;;;;;;;;;;;;;;;;;;;;;;;;
;;;;;;;;;;;;;;;;;;;;;#REF!;;; 45.945.524.600 ;#REF!;;;;;;;;;;;;;;;;;;;;
;;;;;;;;;;;;;;;;;;;;;;;;;;;;;;;;;;;;;;;;;;;;;
;;;;;;;;;;;;;;;;;;;;;;;;;;;;;;;;;;;;;;;;;;;;;
;;;;;;;;;;;;;;;;;;;;;;;; 4.678.071.380 ;;;;;;;;;;;;;;;;;;;;;
;;;;;;;;;;;;;;;;;;;;;;;;;;;;;;;;;;;;;;;;;;;;;
;;;;;;;;;;;;;;;;;;;;;;;; 5.909.359.380 ;;;;;;;;;;;;;;;;;;;;;
;;;;;;;;;;;;;;;;;;;;;;;;;;;;;;;;;;;;;;;;;;;;;
